基準日,町丁目名,秘匿区分,男女別,世帯数,総数,合算総数,０歳,１歳,２歳,３歳,４歳,５歳,６歳,７歳,８歳,９歳,１０歳,１１歳,１２歳,１３歳,１４歳,１５歳,１６歳,１７歳,１８歳,１９歳,２０歳,２１歳,２２歳,２３歳,２４歳,２５歳,２６歳,２７歳,２８歳,２９歳,３０歳,３１歳,３２歳,３３歳,３４歳,３５歳,３６歳,３７歳,３８歳,３９歳,４０歳,４１歳,４２歳,４３歳,４４歳,４５歳,４６歳,４７歳,４８歳,４９歳,５０歳,５１歳,５２歳,５３歳,５４歳,５５歳,５６歳,５７歳,５８歳,５９歳,６０歳,６１歳,６２歳,６３歳,６４歳,６５歳,６６歳,６７歳,６８歳,６９歳,７０歳,７１歳,７２歳,７３歳,７４歳,７５歳,７６歳,７７歳,７８歳,７９歳,８０歳,８１歳,８２歳,８３歳,８４歳,８５歳,８６歳,８７歳,８８歳,８９歳,９０歳,９１歳,９２歳,９３歳,９４歳,９５歳,９６歳,９７歳,９８歳,９９歳,１００歳以上,不明
2020/3/31,池田町,,男,0,2177,0,23,7,15,16,11,14,15,11,11,11,15,14,14,15,7,8,14,13,14,15,17,18,23,16,17,14,21,19,14,22,26,31,26,34,24,40,40,24,28,28,30,35,31,35,45,29,43,26,27,37,39,32,37,29,23,42,14,29,30,33,31,23,22,19,25,31,20,29,35,42,40,51,49,36,22,25,30,29,38,26,24,25,19,13,19,12,8,8,10,8,2,3,3,2,1,3,1,1,1,0,0,0
2020/3/31,池田町,,女,0,2440,0,17,16,14,12,13,12,13,15,11,10,13,13,13,7,16,8,7,8,11,13,16,17,21,14,27,22,23,17,22,18,23,25,31,26,27,25,40,37,24,29,33,22,29,29,24,35,39,41,48,39,40,40,38,37,29,29,33,29,24,28,28,41,24,29,26,34,19,45,35,46,49,46,67,42,34,45,32,39,26,44,31,31,32,30,26,21,19,23,14,9,10,11,13,11,5,3,1,1,3,1,2,0
2020/3/31,池田町,,計,2650,4617,0,40,23,29,28,24,26,28,26,22,21,28,27,27,22,23,16,21,21,25,28,33,35,44,30,44,36,44,36,36,40,49,56,57,60,51,65,80,61,52,57,63,57,60,64,69,64,82,67,75,76,79,72,75,66,52,71,47,58,54,61,59,64,46,48,51,65,39,74,70,88,89,97,116,78,56,70,62,68,64,70,55,56,51,43,45,33,27,31,24,17,12,14,16,13,6,6,2,2,4,1,2,0
2020/3/31,浮田１丁目,,男,0,330,0,3,1,2,2,1,4,1,3,3,0,2,1,3,1,1,4,1,4,0,3,6,2,4,6,7,9,8,4,4,7,3,5,9,3,7,3,3,7,7,3,5,3,5,10,4,10,3,8,8,1,10,11,4,4,8,7,2,4,2,2,4,4,4,4,4,2,1,3,4,1,5,7,5,2,3,1,0,1,3,0,0,3,0,1,2,2,0,2,1,1,1,1,0,0,0,0,0,0,0,0,0,0
2020/3/31,浮田１丁目,,女,0,316,0,2,2,1,3,2,5,2,4,3,1,1,2,1,2,2,2,4,1,4,2,1,7,3,5,4,9,2,7,4,2,3,6,3,3,7,5,7,3,4,1,5,3,6,6,3,4,4,7,5,1,6,5,5,7,3,6,6,4,2,5,5,3,5,4,0,2,3,4,5,3,1,2,4,5,2,5,5,3,2,1,3,5,1,3,1,1,2,1,4,0,0,2,1,0,0,1,0,1,1,0,0,0
2020/3/31,浮田１丁目,,計,396,646,0,5,3,3,5,3,9,3,7,6,1,3,3,4,3,3,6,5,5,4,5,7,9,7,11,11,18,10,11,8,9,6,11,12,6,14,8,10,10,11,4,10,6,11,16,7,14,7,15,13,2,16,16,9,11,11,13,8,8,4,7,9,7,9,8,4,4,4,7,9,4,6,9,9,7,5,6,5,4,5,1,3,8,1,4,3,3,2,3,5,1,1,3,1,0,0,1,0,1,1,0,0,0
2020/3/31,浮田２丁目,@1,男,0,325,328,1,3,3,0,1,1,2,3,2,5,0,3,1,5,0,0,1,0,1,2,1,1,7,4,8,10,9,13,8,7,7,5,6,7,8,9,5,7,6,5,7,7,6,5,6,5,9,2,5,6,4,4,3,6,4,3,4,0,3,5,4,2,2,4,1,5,3,1,1,2,2,4,3,4,0,3,2,2,3,1,1,2,2,2,3,1,2,0,1,0,1,2,1,0,0,0,0,0,0,0,0,0
2020/3/31,浮田２丁目,@1,女,0,306,311,0,0,0,1,2,1,1,5,0,3,1,1,0,2,4,0,1,0,2,4,3,7,4,7,11,4,6,11,7,10,6,10,8,9,4,8,5,7,6,5,3,5,5,3,4,3,4,5,6,5,6,5,4,3,2,2,4,3,1,3,2,2,4,1,1,2,3,1,2,2,1,5,4,2,1,5,5,1,3,2,2,1,1,4,3,1,0,2,3,1,0,1,0,0,0,1,0,0,0,0,0,0
2020/3/31,浮田２丁目,@1,計,451,631,639,1,3,3,1,3,2,3,8,2,8,1,4,1,7,4,0,2,0,3,6,4,8,11,11,19,14,15,24,15,17,13,15,14,16,12,17,10,14,12,10,10,12,11,8,10,8,13,7,11,11,10,9,7,9,6,5,8,3,4,8,6,4,6,5,2,7,6,2,3,4,3,9,7,6,1,8,7,3,6,3,3,3,3,6,6,2,2,2,4,1,1,3,1,0,0,1,0,0,0,0,0,0
2020/3/31,梅田１丁目,*1,男,0,2,0,,,,,,,,,,,,,,,,,,,,,,,,,,,,,,,,,,,,,,,,,,,,,,,,,,,,,,,,,,,,,,,,,,,,,,,,,,,,,,,,,,,,,,,,,,,,,,,,,,,,,,
2020/3/31,梅田１丁目,*1,女,0,1,0,,,,,,,,,,,,,,,,,,,,,,,,,,,,,,,,,,,,,,,,,,,,,,,,,,,,,,,,,,,,,,,,,,,,,,,,,,,,,,,,,,,,,,,,,,,,,,,,,,,,,,
2020/3/31,梅田１丁目,*1,計,2,3,0,,,,,,,,,,,,,,,,,,,,,,,,,,,,,,,,,,,,,,,,,,,,,,,,,,,,,,,,,,,,,,,,,,,,,,,,,,,,,,,,,,,,,,,,,,,,,,,,,,,,,,
2020/3/31,梅田２丁目,*1,男,0,1,0,,,,,,,,,,,,,,,,,,,,,,,,,,,,,,,,,,,,,,,,,,,,,,,,,,,,,,,,,,,,,,,,,,,,,,,,,,,,,,,,,,,,,,,,,,,,,,,,,,,,,,
2020/3/31,梅田２丁目,*1,女,0,4,0,,,,,,,,,,,,,,,,,,,,,,,,,,,,,,,,,,,,,,,,,,,,,,,,,,,,,,,,,,,,,,,,,,,,,,,,,,,,,,,,,,,,,,,,,,,,,,,,,,,,,,
2020/3/31,梅田２丁目,*1,計,4,5,0,,,,,,,,,,,,,,,,,,,,,,,,,,,,,,,,,,,,,,,,,,,,,,,,,,,,,,,,,,,,,,,,,,,,,,,,,,,,,,,,,,,,,,,,,,,,,,,,,,,,,,
2020/3/31,梅田３丁目,,男,0,0,0,0,0,0,0,0,0,0,0,0,0,0,0,0,0,0,0,0,0,0,0,0,0,0,0,0,0,0,0,0,0,0,0,0,0,0,0,0,0,0,0,0,0,0,0,0,0,0,0,0,0,0,0,0,0,0,0,0,0,0,0,0,0,0,0,0,0,0,0,0,0,0,0,0,0,0,0,0,0,0,0,0,0,0,0,0,0,0,0,0,0,0,0,0,0,0,0,0,0,0,0,0,0
2020/3/31,梅田３丁目,,女,0,0,0,0,0,0,0,0,0,0,0,0,0,0,0,0,0,0,0,0,0,0,0,0,0,0,0,0,0,0,0,0,0,0,0,0,0,0,0,0,0,0,0,0,0,0,0,0,0,0,0,0,0,0,0,0,0,0,0,0,0,0,0,0,0,0,0,0,0,0,0,0,0,0,0,0,0,0,0,0,0,0,0,0,0,0,0,0,0,0,0,0,0,0,0,0,0,0,0,0,0,0,0,0,0
2020/3/31,梅田３丁目,,計,0,0,0,0,0,0,0,0,0,0,0,0,0,0,0,0,0,0,0,0,0,0,0,0,0,0,0,0,0,0,0,0,0,0,0,0,0,0,0,0,0,0,0,0,0,0,0,0,0,0,0,0,0,0,0,0,0,0,0,0,0,0,0,0,0,0,0,0,0,0,0,0,0,0,0,0,0,0,0,0,0,0,0,0,0,0,0,0,0,0,0,0,0,0,0,0,0,0,0,0,0,0,0,0,0
2020/3/31,扇町１丁目,,男,0,0,0,0,0,0,0,0,0,0,0,0,0,0,0,0,0,0,0,0,0,0,0,0,0,0,0,0,0,0,0,0,0,0,0,0,0,0,0,0,0,0,0,0,0,0,0,0,0,0,0,0,0,0,0,0,0,0,0,0,0,0,0,0,0,0,0,0,0,0,0,0,0,0,0,0,0,0,0,0,0,0,0,0,0,0,0,0,0,0,0,0,0,0,0,0,0,0,0,0,0,0,0,0,0
2020/3/31,扇町１丁目,,女,0,0,0,0,0,0,0,0,0,0,0,0,0,0,0,0,0,0,0,0,0,0,0,0,0,0,0,0,0,0,0,0,0,0,0,0,0,0,0,0,0,0,0,0,0,0,0,0,0,0,0,0,0,0,0,0,0,0,0,0,0,0,0,0,0,0,0,0,0,0,0,0,0,0,0,0,0,0,0,0,0,0,0,0,0,0,0,0,0,0,0,0,0,0,0,0,0,0,0,0,0,0,0,0,0
2020/3/31,扇町１丁目,,計,0,0,0,0,0,0,0,0,0,0,0,0,0,0,0,0,0,0,0,0,0,0,0,0,0,0,0,0,0,0,0,0,0,0,0,0,0,0,0,0,0,0,0,0,0,0,0,0,0,0,0,0,0,0,0,0,0,0,0,0,0,0,0,0,0,0,0,0,0,0,0,0,0,0,0,0,0,0,0,0,0,0,0,0,0,0,0,0,0,0,0,0,0,0,0,0,0,0,0,0,0,0,0,0,0
2020/3/31,扇町２丁目,,男,0,380,0,5,6,0,8,4,5,4,5,4,7,3,3,4,4,0,5,1,1,1,6,2,2,4,0,3,3,3,3,7,8,5,6,7,7,7,6,12,9,11,9,6,9,9,10,9,4,3,7,5,11,3,8,6,6,6,8,4,6,4,6,5,2,4,1,3,3,2,0,2,0,4,1,3,3,3,1,4,1,0,3,1,0,0,2,5,3,0,0,1,2,0,0,0,0,1,0,0,0,0,0,0,0
2020/3/31,扇町２丁目,,女,0,466,0,6,6,8,5,5,9,14,3,6,5,7,1,2,1,3,1,0,4,5,0,1,3,2,6,9,7,6,9,4,8,7,4,7,10,11,12,11,11,6,10,8,5,8,14,9,5,5,11,6,10,2,6,7,9,7,7,6,3,7,1,2,2,3,4,3,4,3,3,3,4,3,2,4,4,1,3,4,9,4,3,1,2,3,5,4,2,2,3,2,1,1,1,0,0,0,0,0,0,0,0,0,0
2020/3/31,扇町２丁目,,計,467,846,0,11,12,8,13,9,14,18,8,10,12,10,4,6,5,3,6,1,5,6,6,3,5,6,6,12,10,9,12,11,16,12,10,14,17,18,18,23,20,17,19,14,14,17,24,18,9,8,18,11,21,5,14,13,15,13,15,10,9,11,7,7,4,7,5,6,7,5,3,5,4,7,3,7,7,4,4,8,10,4,6,2,2,3,7,9,5,2,3,3,3,1,1,0,0,1,0,0,0,0,0,0,0
2020/3/31,大深町,,男,0,191,0,3,1,1,4,4,0,1,0,1,1,1,1,0,0,0,4,0,3,0,2,4,0,1,1,2,2,0,2,1,0,2,1,2,2,2,4,5,2,1,3,3,2,0,3,4,2,3,1,3,3,3,2,9,4,3,4,3,7,5,6,9,2,3,4,1,5,1,3,1,1,2,5,3,3,0,1,2,2,2,0,1,1,0,0,2,0,0,0,1,2,0,0,0,0,0,0,0,0,0,0,0,0
2020/3/31,大深町,,女,0,227,0,1,3,2,2,0,0,1,3,1,1,1,3,1,1,1,0,2,4,0,1,0,2,1,3,4,4,3,3,4,0,2,2,4,4,1,4,3,2,1,4,2,1,3,7,3,1,2,3,6,4,5,8,8,4,2,8,4,5,6,4,3,8,0,5,5,1,2,3,4,3,2,1,2,2,1,3,1,0,3,1,1,0,2,1,3,1,1,1,0,0,1,0,0,0,1,0,0,0,0,0,0,0
2020/3/31,大深町,,計,233,418,0,4,4,3,6,4,0,2,3,2,2,2,4,1,1,1,4,2,7,0,3,4,2,2,4,6,6,3,5,5,0,4,3,6,6,3,8,8,4,2,7,5,3,3,10,7,3,5,4,9,7,8,10,17,8,5,12,7,12,11,10,12,10,3,9,6,6,3,6,5,4,4,6,5,5,1,4,3,2,5,1,2,1,2,1,5,1,1,1,1,2,1,0,0,0,1,0,0,0,0,0,0,0
2020/3/31,大淀北１丁目,,男,0,949,0,11,9,13,13,17,20,26,14,6,13,5,2,6,3,1,5,4,2,5,6,5,5,17,6,17,18,15,19,12,13,15,8,7,15,14,30,22,24,25,18,31,24,14,23,14,12,22,21,17,9,13,12,13,5,15,7,13,4,8,7,6,5,6,7,7,5,3,6,5,8,13,14,11,9,4,10,9,6,10,10,6,2,7,1,2,2,3,0,0,0,0,0,0,1,0,0,0,0,1,0,0,0
2020/3/31,大淀北１丁目,,女,0,1038,0,8,12,13,8,20,27,16,17,12,10,7,9,8,2,4,2,3,2,5,6,12,5,18,11,17,11,14,16,15,22,12,14,7,19,22,21,27,16,18,23,23,33,27,13,23,14,17,12,10,14,13,11,9,8,7,10,12,9,5,8,6,6,7,9,2,9,7,10,8,17,17,11,15,18,9,12,8,8,9,5,7,6,6,7,5,4,4,4,2,4,0,2,3,1,0,0,1,0,0,0,0,0
2020/3/31,大淀北１丁目,,計,1031,1987,0,19,21,26,21,37,47,42,31,18,23,12,11,14,5,5,7,7,4,10,12,17,10,35,17,34,29,29,35,27,35,27,22,14,34,36,51,49,40,43,41,54,57,41,36,37,26,39,33,27,23,26,23,22,13,22,17,25,13,13,15,12,11,13,16,9,14,10,16,13,25,30,25,26,27,13,22,17,14,19,15,13,8,13,8,7,6,7,4,2,4,0,2,3,2,0,0,1,0,1,0,0,0
2020/3/31,大淀北２丁目,,男,0,140,0,1,1,0,0,0,0,0,0,0,0,0,0,2,0,0,0,1,0,0,0,1,3,2,3,4,5,7,4,7,5,6,2,6,4,3,4,4,6,6,3,4,4,4,1,1,2,4,4,1,0,4,0,2,1,1,2,0,0,1,0,1,0,0,2,1,1,0,0,1,1,1,1,0,0,0,0,0,0,0,0,0,1,1,0,0,0,0,1,0,0,0,0,0,1,0,0,0,0,1,0,0,0
2020/3/31,大淀北２丁目,,女,0,135,0,0,0,0,0,1,0,0,0,2,0,1,0,1,0,1,3,0,0,2,1,0,3,2,4,4,7,4,2,6,5,3,3,2,6,4,3,8,2,4,2,3,4,2,1,2,2,4,1,2,1,1,1,0,2,0,1,0,0,0,0,1,3,1,1,1,0,1,1,0,0,1,3,0,0,0,3,0,0,2,0,1,0,0,0,0,0,0,0,0,0,1,0,0,0,1,0,1,0,0,0,0,0
2020/3/31,大淀北２丁目,,計,203,275,0,1,1,0,0,1,0,0,0,2,0,1,0,3,0,1,3,1,0,2,1,1,6,4,7,8,12,11,6,13,10,9,5,8,10,7,7,12,8,10,5,7,8,6,2,3,4,8,5,3,1,5,1,2,3,1,3,0,0,1,0,2,3,1,3,2,1,1,1,1,1,2,4,0,0,0,3,0,0,2,0,1,1,1,0,0,0,0,1,0,0,1,0,0,1,1,0,1,0,1,0,0,0
2020/3/31,大淀中１丁目,,男,0,353,0,5,4,6,1,1,1,1,1,2,1,0,0,1,0,3,1,1,0,0,3,0,1,4,7,9,17,6,9,12,11,13,13,7,11,16,12,11,11,7,8,5,11,9,6,8,1,3,4,7,3,3,3,2,8,4,4,1,1,6,4,0,5,2,1,2,2,4,3,0,1,0,5,2,1,2,0,1,2,1,1,0,1,4,1,0,0,0,1,0,1,0,0,0,0,0,0,0,0,0,0,0,0
2020/3/31,大淀中１丁目,,女,0,325,0,5,4,1,2,1,1,4,0,1,0,0,0,0,0,2,0,1,2,1,2,0,2,3,4,13,13,12,13,11,6,7,13,9,8,13,6,10,5,5,7,3,4,3,4,4,2,7,4,5,2,5,5,5,0,2,2,2,3,2,2,2,5,1,7,2,3,4,5,0,1,4,0,3,2,0,2,2,1,0,2,0,2,3,2,1,1,0,0,3,1,0,2,1,4,0,2,0,0,3,0,1,0
2020/3/31,大淀中１丁目,,計,458,678,0,10,8,7,3,2,2,5,1,3,1,0,0,1,0,5,1,2,2,1,5,0,3,7,11,22,30,18,22,23,17,20,26,16,19,29,18,21,16,12,15,8,15,12,10,12,3,10,8,12,5,8,8,7,8,6,6,3,4,8,6,2,10,3,8,4,5,8,8,0,2,4,5,5,3,2,2,3,3,1,3,0,3,7,3,1,1,0,1,3,2,0,2,1,4,0,2,0,0,3,0,1,0
2020/3/31,大淀中２丁目,,男,0,680,0,9,6,8,8,8,3,6,4,4,9,2,4,3,4,5,6,7,5,6,6,6,4,7,10,8,10,12,10,16,15,7,10,19,18,10,14,13,16,7,13,12,13,12,15,15,11,20,9,10,13,18,13,15,9,9,10,10,8,8,10,3,2,7,9,4,5,4,6,5,8,5,2,5,4,4,3,6,3,2,1,2,2,1,1,3,1,0,0,2,0,1,1,0,0,0,0,0,0,0,0,0,0
2020/3/31,大淀中２丁目,,女,0,742,0,7,5,3,4,7,11,5,8,7,7,7,8,1,7,3,2,3,2,10,3,3,6,13,14,6,14,9,16,15,10,16,13,18,16,15,14,14,20,15,12,10,16,14,14,17,18,10,12,13,20,9,7,12,9,8,9,5,6,18,5,7,5,5,3,10,2,5,8,3,10,8,9,7,5,1,3,5,8,4,3,6,5,2,2,3,1,0,1,0,1,1,2,2,0,1,1,1,0,1,0,0,0
2020/3/31,大淀中２丁目,,計,798,1422,0,16,11,11,12,15,14,11,12,11,16,9,12,4,11,8,8,10,7,16,9,9,10,20,24,14,24,21,26,31,25,23,23,37,34,25,28,27,36,22,25,22,29,26,29,32,29,30,21,23,33,27,20,27,18,17,19,15,14,26,15,10,7,12,12,14,7,9,14,8,18,13,11,12,9,5,6,11,11,6,4,8,7,3,3,6,2,0,1,2,1,2,3,2,0,1,1,1,0,1,0,0,0
2020/3/31,大淀中３丁目,,男,0,606,0,8,8,3,2,3,3,2,4,4,4,2,3,2,2,2,5,3,5,2,5,5,7,12,12,9,18,12,19,15,15,15,10,13,13,14,10,13,15,12,9,9,12,12,7,7,6,11,15,11,12,5,8,13,5,10,8,6,9,5,4,9,7,6,5,3,1,6,5,3,7,5,6,2,4,1,3,1,3,3,3,2,5,2,3,0,3,4,1,1,1,1,1,2,1,0,0,1,0,0,0,0,0
2020/3/31,大淀中３丁目,,女,0,642,0,7,2,5,6,3,6,4,2,4,4,4,2,3,3,1,1,3,4,5,5,7,15,5,8,15,11,11,13,15,15,16,16,17,18,10,11,14,12,10,9,9,8,8,11,13,6,12,14,10,6,12,12,6,9,6,10,8,12,5,4,2,5,5,6,5,4,3,5,6,3,6,7,5,5,1,6,4,4,5,5,2,2,6,4,5,5,3,1,3,0,5,3,4,1,0,0,1,0,0,0,2,0
2020/3/31,大淀中３丁目,,計,747,1248,0,15,10,8,8,6,9,6,6,8,8,6,5,5,5,3,6,6,9,7,10,12,22,17,20,24,29,23,32,30,30,31,26,30,31,24,21,27,27,22,18,18,20,20,18,20,12,23,29,21,18,17,20,19,14,16,18,14,21,10,8,11,12,11,11,8,5,9,10,9,10,11,13,7,9,2,9,5,7,8,8,4,7,8,7,5,8,7,2,4,1,6,4,6,2,0,0,2,0,0,0,2,0
2020/3/31,大淀中４丁目,,男,0,506,0,2,1,0,6,3,3,6,4,5,3,8,2,2,6,6,2,2,2,4,7,3,4,7,5,13,6,8,7,7,6,6,8,8,8,8,8,6,7,10,6,5,10,7,11,8,11,11,13,11,14,10,10,11,7,2,6,11,7,5,6,1,4,6,5,5,6,4,1,9,6,8,3,5,1,1,1,6,5,4,10,2,4,1,3,1,2,3,0,2,4,1,0,0,1,0,0,0,0,0,0,0,0
2020/3/31,大淀中４丁目,,女,0,497,0,1,5,1,4,7,3,4,2,7,5,11,5,3,2,1,3,9,2,4,5,4,3,3,1,8,7,2,11,6,6,6,4,9,6,4,2,9,7,8,7,5,4,7,13,12,7,4,8,6,6,11,10,9,5,7,5,8,7,4,3,3,7,5,3,7,4,4,1,6,7,7,9,7,7,3,4,4,7,3,4,3,4,5,3,6,8,3,10,1,5,4,1,1,0,1,0,1,0,0,0,1,0
2020/3/31,大淀中４丁目,,計,540,1003,0,3,6,1,10,10,6,10,6,12,8,19,7,5,8,7,5,11,4,8,12,7,7,10,6,21,13,10,18,13,12,12,12,17,14,12,10,15,14,18,13,10,14,14,24,20,18,15,21,17,20,21,20,20,12,9,11,19,14,9,9,4,11,11,8,12,10,8,2,15,13,15,12,12,8,4,5,10,12,7,14,5,8,6,6,7,10,6,10,3,9,5,1,1,1,1,0,1,0,0,0,1,0
2020/3/31,大淀中５丁目,,男,0,990,0,9,9,5,10,8,6,9,10,15,13,11,11,12,13,9,9,7,7,6,11,6,10,17,22,29,22,20,25,14,19,12,14,18,13,16,9,10,19,13,20,21,15,15,20,15,14,18,20,18,16,11,17,17,13,4,4,5,10,9,7,3,10,7,3,11,8,4,8,11,9,19,12,19,2,6,9,10,6,10,5,8,2,4,3,3,5,0,3,0,0,1,1,1,0,0,0,0,0,0,0,0,0
2020/3/31,大淀中５丁目,,女,0,1018,0,6,7,7,14,5,15,12,7,9,10,8,9,12,9,9,8,15,8,4,9,17,8,11,24,16,16,17,17,15,21,15,17,8,19,11,18,19,19,8,22,8,20,30,11,16,23,22,24,14,12,12,11,11,3,5,13,3,8,10,9,5,7,8,8,7,7,11,19,12,10,15,18,12,12,10,7,6,8,9,12,7,5,3,4,2,4,5,4,0,4,4,1,0,1,0,2,3,0,0,0,0,0
2020/3/31,大淀中５丁目,,計,1064,2008,0,15,16,12,24,13,21,21,17,24,23,19,20,24,22,18,17,22,15,10,20,23,18,28,46,45,38,37,42,29,40,27,31,26,32,27,27,29,38,21,42,29,35,45,31,31,37,40,44,32,28,23,28,28,16,9,17,8,18,19,16,8,17,15,11,18,15,15,27,23,19,34,30,31,14,16,16,16,14,19,17,15,7,7,7,5,9,5,7,0,4,5,2,1,1,0,2,3,0,0,0,0,0
2020/3/31,大淀南１丁目,,男,0,464,0,5,6,1,5,8,3,4,3,5,4,1,0,3,3,1,2,1,1,3,1,3,4,0,6,10,13,10,10,14,12,4,10,9,7,8,10,8,9,2,8,8,11,7,13,6,9,7,10,10,7,5,7,2,3,5,5,5,3,2,4,5,4,8,2,2,4,2,6,1,5,5,5,8,4,3,6,6,8,3,11,2,3,0,3,2,0,3,2,3,1,1,0,0,0,0,0,0,0,0,0,0,0
2020/3/31,大淀南１丁目,,女,0,488,0,6,6,3,4,4,5,2,3,6,2,1,1,1,1,1,2,0,2,2,4,2,7,2,4,8,7,10,13,7,7,6,10,15,4,11,7,12,12,11,4,9,10,6,9,6,7,3,11,6,10,2,3,4,4,6,8,7,2,2,4,3,3,3,2,2,6,5,7,5,7,7,9,14,7,5,7,5,9,3,6,2,3,9,6,2,4,2,1,4,1,0,1,1,1,0,0,0,0,0,0,2,0
2020/3/31,大淀南１丁目,,計,580,952,0,11,12,4,9,12,8,6,6,11,6,2,1,4,4,2,4,1,3,5,5,5,11,2,10,18,20,20,23,21,19,10,20,24,11,19,17,20,21,13,12,17,21,13,22,12,16,10,21,16,17,7,10,6,7,11,13,12,5,4,8,8,7,11,4,4,10,7,13,6,12,12,14,22,11,8,13,11,17,6,17,4,6,9,9,4,4,5,3,7,2,1,1,1,1,0,0,0,0,0,0,2,0
2020/3/31,大淀南２丁目,,男,0,706,0,8,9,13,5,6,9,4,13,6,2,3,4,5,4,4,5,1,1,6,2,1,2,5,1,8,7,9,11,10,14,20,14,13,14,22,14,18,11,15,12,17,25,14,23,16,16,19,10,14,18,15,6,10,5,13,11,7,6,12,8,8,6,7,3,5,5,2,8,3,8,11,5,4,5,0,2,4,4,2,1,1,2,2,1,2,4,0,0,5,0,0,0,0,0,0,0,0,0,0,0,0,0
2020/3/31,大淀南２丁目,,女,0,804,0,8,9,12,13,9,13,4,4,3,2,5,2,4,8,3,2,3,4,1,4,6,6,5,10,7,17,14,15,11,17,22,19,17,18,17,24,20,21,20,15,14,16,17,10,14,17,13,13,16,9,11,10,8,9,15,10,8,14,6,8,11,6,3,6,6,4,8,7,7,8,8,5,7,2,4,5,0,2,4,6,6,4,4,5,3,2,1,2,3,1,1,1,1,2,2,1,0,1,0,2,1,0
2020/3/31,大淀南２丁目,,計,857,1510,0,16,18,25,18,15,22,8,17,9,4,8,6,9,12,7,7,4,5,7,6,7,8,10,11,15,24,23,26,21,31,42,33,30,32,39,38,38,32,35,27,31,41,31,33,30,33,32,23,30,27,26,16,18,14,28,21,15,20,18,16,19,12,10,9,11,9,10,15,10,16,19,10,11,7,4,7,4,6,6,7,7,6,6,6,5,6,1,2,8,1,1,1,1,2,2,1,0,1,0,2,1,0
2020/3/31,大淀南３丁目,,男,0,684,0,7,8,9,8,3,9,6,8,4,6,2,4,2,3,5,1,4,1,5,8,4,7,11,10,15,21,24,11,20,17,26,22,22,13,13,9,19,22,11,11,5,17,8,9,12,8,12,13,8,15,10,7,4,5,8,9,5,13,6,7,8,6,4,5,4,6,5,3,6,5,6,3,3,2,2,3,3,2,2,2,0,2,4,0,2,1,1,0,1,1,0,0,0,0,0,0,0,0,0,0,0,0
2020/3/31,大淀南３丁目,,女,0,680,0,15,8,5,6,5,2,3,7,3,2,3,1,5,2,1,3,3,3,6,5,4,7,14,8,9,20,22,12,22,23,19,28,14,18,19,23,15,12,8,13,11,7,10,6,8,8,8,8,10,8,13,13,7,9,14,11,9,5,10,3,5,4,6,7,8,3,1,2,1,4,4,4,5,2,3,2,3,1,6,5,2,3,1,0,2,2,2,3,3,1,2,1,2,2,2,0,0,0,0,0,0,0
2020/3/31,大淀南３丁目,,計,777,1364,0,22,16,14,14,8,11,9,15,7,8,5,5,7,5,6,4,7,4,11,13,8,14,25,18,24,41,46,23,42,40,45,50,36,31,32,32,34,34,19,24,16,24,18,15,20,16,20,21,18,23,23,20,11,14,22,20,14,18,16,10,13,10,10,12,12,9,6,5,7,9,10,7,8,4,5,5,6,3,8,7,2,5,5,0,4,3,3,3,4,2,2,1,2,2,2,0,0,0,0,0,0,0
2020/3/31,角田町,,男,0,0,0,0,0,0,0,0,0,0,0,0,0,0,0,0,0,0,0,0,0,0,0,0,0,0,0,0,0,0,0,0,0,0,0,0,0,0,0,0,0,0,0,0,0,0,0,0,0,0,0,0,0,0,0,0,0,0,0,0,0,0,0,0,0,0,0,0,0,0,0,0,0,0,0,0,0,0,0,0,0,0,0,0,0,0,0,0,0,0,0,0,0,0,0,0,0,0,0,0,0,0,0,0,0
2020/3/31,角田町,,女,0,0,0,0,0,0,0,0,0,0,0,0,0,0,0,0,0,0,0,0,0,0,0,0,0,0,0,0,0,0,0,0,0,0,0,0,0,0,0,0,0,0,0,0,0,0,0,0,0,0,0,0,0,0,0,0,0,0,0,0,0,0,0,0,0,0,0,0,0,0,0,0,0,0,0,0,0,0,0,0,0,0,0,0,0,0,0,0,0,0,0,0,0,0,0,0,0,0,0,0,0,0,0,0,0
2020/3/31,角田町,,計,0,0,0,0,0,0,0,0,0,0,0,0,0,0,0,0,0,0,0,0,0,0,0,0,0,0,0,0,0,0,0,0,0,0,0,0,0,0,0,0,0,0,0,0,0,0,0,0,0,0,0,0,0,0,0,0,0,0,0,0,0,0,0,0,0,0,0,0,0,0,0,0,0,0,0,0,0,0,0,0,0,0,0,0,0,0,0,0,0,0,0,0,0,0,0,0,0,0,0,0,0,0,0,0,0
2020/3/31,神山町,,男,0,299,0,3,3,5,5,4,2,2,2,0,3,1,2,1,1,2,2,1,2,0,3,5,2,2,11,10,10,6,8,5,9,3,9,4,9,5,5,7,5,8,3,12,7,5,9,6,7,8,6,7,4,4,2,3,2,0,4,2,3,1,1,1,1,2,4,2,0,2,0,2,1,3,3,2,1,1,2,1,0,1,4,0,1,0,0,0,0,0,0,0,0,1,0,0,0,1,0,0,0,0,0,0,0
2020/3/31,神山町,,女,0,286,0,6,2,6,4,3,4,3,1,1,0,0,0,0,1,1,2,1,1,0,1,1,4,3,11,6,7,4,6,7,5,4,7,6,11,5,3,7,8,4,3,8,12,6,5,4,6,11,4,5,4,3,2,4,3,4,0,3,3,4,1,0,1,0,2,1,1,0,1,2,2,4,2,1,2,0,3,3,1,1,1,2,0,1,1,0,3,0,1,1,1,2,1,0,1,0,2,1,0,0,0,0,0
2020/3/31,神山町,,計,380,585,0,9,5,11,9,7,6,5,3,1,3,1,2,1,2,3,4,2,3,0,4,6,6,5,22,16,17,10,14,12,14,7,16,10,20,10,8,14,13,12,6,20,19,11,14,10,13,19,10,12,8,7,4,7,5,4,4,5,6,5,2,1,2,2,6,3,1,2,1,4,3,7,5,3,3,1,5,4,1,2,5,2,1,1,1,0,3,0,1,1,1,3,1,0,1,1,2,1,0,0,0,0,0
2020/3/31,菅栄町,,男,0,588,0,3,3,1,3,1,3,3,6,1,0,1,6,1,1,2,2,2,5,8,8,4,5,7,4,9,10,11,7,11,16,9,14,12,17,13,16,18,18,10,15,8,9,12,6,13,14,8,10,12,12,13,10,3,9,7,8,4,7,9,7,4,8,4,4,3,4,6,8,6,10,5,7,7,5,6,4,3,2,5,3,1,2,2,4,1,1,1,0,1,1,0,1,0,1,0,0,1,0,0,0,0,0
2020/3/31,菅栄町,,女,0,687,0,1,3,4,1,3,2,2,2,3,3,2,1,3,0,5,1,0,3,4,8,5,18,9,22,10,10,19,25,11,27,11,7,14,18,14,13,8,19,9,10,7,9,14,8,19,10,7,10,9,8,12,11,9,6,6,7,10,5,5,7,3,6,5,8,9,4,5,8,7,8,9,8,6,7,3,8,6,3,6,7,5,11,3,3,3,3,5,1,5,0,3,1,0,1,1,1,2,1,2,1,0,0
2020/3/31,菅栄町,,計,925,1275,0,4,6,5,4,4,5,5,8,4,3,3,7,4,1,7,3,2,8,12,16,9,23,16,26,19,20,30,32,22,43,20,21,26,35,27,29,26,37,19,25,15,18,26,14,32,24,15,20,21,20,25,21,12,15,13,15,14,12,14,14,7,14,9,12,12,8,11,16,13,18,14,15,13,12,9,12,9,5,11,10,6,13,5,7,4,4,6,1,6,1,3,2,0,2,1,1,3,1,2,1,0,0
2020/3/31,黒崎町,@2,男,0,536,537,0,1,7,2,3,1,3,2,4,2,2,1,2,4,2,4,1,4,2,3,3,4,4,8,6,7,8,8,10,7,10,11,13,9,7,10,9,11,10,7,7,15,13,7,9,15,5,10,5,6,10,6,5,10,5,6,3,8,7,11,6,2,7,5,7,2,10,8,9,10,12,8,6,9,0,7,4,7,6,3,3,5,8,6,2,1,0,3,1,0,1,2,0,1,1,0,0,0,0,0,0,0
2020/3/31,黒崎町,@2,女,0,551,553,2,1,0,0,2,3,2,3,1,1,4,5,3,1,3,2,4,2,1,4,3,4,0,8,8,11,9,8,8,12,9,10,7,10,7,10,12,12,9,5,7,15,6,10,3,12,5,6,7,9,5,6,8,3,2,6,6,3,3,7,4,9,4,7,7,9,6,8,7,8,10,14,16,4,9,4,1,5,10,9,10,3,4,4,3,4,5,3,3,6,5,4,5,3,3,1,0,0,0,0,1,0
2020/3/31,黒崎町,@2,計,722,1087,1090,2,2,7,2,5,4,5,5,5,3,6,6,5,5,5,6,5,6,3,7,6,8,4,16,14,18,17,16,18,19,19,21,20,19,14,20,21,23,19,12,14,30,19,17,12,27,10,16,12,15,15,12,13,13,7,12,9,11,10,18,10,11,11,12,14,11,16,16,16,18,22,22,22,13,9,11,5,12,16,12,13,8,12,10,5,5,5,6,4,6,6,6,5,4,4,1,0,0,0,0,1,0
2020/3/31,小松原町,*2,男,0,1,0,,,,,,,,,,,,,,,,,,,,,,,,,,,,,,,,,,,,,,,,,,,,,,,,,,,,,,,,,,,,,,,,,,,,,,,,,,,,,,,,,,,,,,,,,,,,,,,,,,,,,,
2020/3/31,小松原町,*2,女,0,2,0,,,,,,,,,,,,,,,,,,,,,,,,,,,,,,,,,,,,,,,,,,,,,,,,,,,,,,,,,,,,,,,,,,,,,,,,,,,,,,,,,,,,,,,,,,,,,,,,,,,,,,
2020/3/31,小松原町,*2,計,2,3,0,,,,,,,,,,,,,,,,,,,,,,,,,,,,,,,,,,,,,,,,,,,,,,,,,,,,,,,,,,,,,,,,,,,,,,,,,,,,,,,,,,,,,,,,,,,,,,,,,,,,,,
2020/3/31,紅梅町,,男,0,347,0,4,7,1,6,7,4,2,1,3,2,2,1,2,2,0,1,1,1,1,1,1,2,5,0,3,7,7,11,8,9,9,15,9,10,12,12,5,9,7,5,5,9,8,5,7,5,9,5,6,6,7,3,2,2,3,2,1,2,5,5,3,1,1,1,1,6,5,3,6,2,2,4,3,1,1,1,2,0,1,0,0,3,0,1,1,0,2,2,1,0,0,0,0,0,0,0,0,0,0,0,1,0
2020/3/31,紅梅町,,女,0,424,0,3,3,3,3,5,6,3,6,5,5,0,4,3,1,1,3,0,0,2,3,2,7,8,6,10,7,4,12,7,11,13,8,15,6,8,12,9,13,6,7,12,8,11,10,9,8,12,10,10,5,5,5,1,3,5,3,2,3,3,2,1,1,1,1,8,3,3,3,3,3,1,4,2,2,3,1,1,2,0,1,1,1,4,2,1,1,2,0,0,1,1,6,1,1,1,0,0,0,0,0,0,0
2020/3/31,紅梅町,,計,502,771,0,7,10,4,9,12,10,5,7,8,7,2,5,5,3,1,4,1,1,3,4,3,9,13,6,13,14,11,23,15,20,22,23,24,16,20,24,14,22,13,12,17,17,19,15,16,13,21,15,16,11,12,8,3,5,8,5,3,5,8,7,4,2,2,2,9,9,8,6,9,5,3,8,5,3,4,2,3,2,1,1,1,4,4,3,2,1,4,2,1,1,1,6,1,1,1,0,0,0,0,0,1,0
2020/3/31,国分寺１丁目,,男,0,662,0,3,5,3,3,3,0,0,1,0,1,3,6,1,0,2,5,4,6,6,7,10,13,15,13,13,14,8,10,9,10,16,7,8,7,10,9,5,14,12,13,8,10,9,5,6,10,11,5,16,11,6,15,11,7,11,8,6,8,13,14,10,12,6,8,6,6,12,12,8,8,7,10,8,9,6,5,12,8,3,3,2,6,6,4,1,4,2,2,1,4,0,2,2,0,1,0,1,0,0,0,0,0
2020/3/31,国分寺１丁目,,女,0,710,0,3,3,2,4,2,3,0,2,3,1,1,0,5,2,0,4,3,2,7,2,4,5,13,14,14,13,13,9,13,14,9,15,12,10,8,10,14,14,11,9,5,11,6,8,6,6,10,20,15,15,9,11,14,4,6,4,7,9,8,10,12,11,9,10,4,7,12,6,15,10,9,8,16,11,5,10,7,8,3,8,5,4,6,10,5,7,3,3,6,3,4,3,4,3,1,2,2,0,0,0,1,0
2020/3/31,国分寺１丁目,,計,891,1372,0,6,8,5,7,5,3,0,3,3,2,4,6,6,2,2,9,7,8,13,9,14,18,28,27,27,27,21,19,22,24,25,22,20,17,18,19,19,28,23,22,13,21,15,13,12,16,21,25,31,26,15,26,25,11,17,12,13,17,21,24,22,23,15,18,10,13,24,18,23,18,16,18,24,20,11,15,19,16,6,11,7,10,12,14,6,11,5,5,7,7,4,5,6,3,2,2,3,0,0,0,1,0
2020/3/31,国分寺２丁目,,男,0,498,0,7,3,3,3,1,1,2,3,0,2,3,2,0,2,0,0,1,4,5,10,7,4,10,5,8,8,13,16,5,3,10,8,1,16,5,15,12,7,12,13,5,8,8,6,6,7,12,10,9,9,9,9,5,6,8,7,9,5,8,1,8,6,3,5,3,7,8,5,6,6,3,8,5,3,3,5,7,4,5,0,3,5,2,2,2,0,2,0,1,1,0,2,0,0,1,0,0,0,0,0,0,0
2020/3/31,国分寺２丁目,,女,0,544,0,0,3,3,3,1,3,4,2,0,1,1,3,4,1,4,6,2,3,2,0,4,4,7,8,9,14,6,11,8,10,19,5,8,6,7,8,10,8,6,8,10,3,4,9,6,11,8,3,13,10,15,8,11,9,14,8,10,6,8,3,7,6,5,8,5,6,7,5,5,4,3,4,9,7,5,3,4,7,6,8,3,6,6,4,3,5,3,2,3,3,1,1,0,3,2,2,0,0,0,1,1,0
2020/3/31,国分寺２丁目,,計,689,1042,0,7,6,6,6,2,4,6,5,0,3,4,5,4,3,4,6,3,7,7,10,11,8,17,13,17,22,19,27,13,13,29,13,9,22,12,23,22,15,18,21,15,11,12,15,12,18,20,13,22,19,24,17,16,15,22,15,19,11,16,4,15,12,8,13,8,13,15,10,11,10,6,12,14,10,8,8,11,11,11,8,6,11,8,6,5,5,5,2,4,4,1,3,0,3,3,2,0,0,0,1,1,0
2020/3/31,芝田１丁目,,男,0,9,0,0,0,0,0,0,0,0,0,0,0,0,0,0,0,0,0,0,0,0,0,0,0,0,0,0,1,0,0,0,0,0,1,0,0,1,0,0,0,0,0,0,1,0,0,0,0,0,0,0,0,0,0,0,0,0,0,0,1,0,0,0,0,0,0,0,0,0,0,0,1,1,0,0,0,0,0,0,0,0,0,0,1,0,0,1,0,0,0,0,0,0,0,0,0,0,0,0,0,0,0,0,0
2020/3/31,芝田１丁目,,女,0,7,0,0,0,0,0,0,0,0,0,0,0,0,0,0,0,0,0,0,0,0,0,0,0,0,0,0,0,0,0,0,0,0,0,0,0,0,0,0,1,0,0,0,0,0,0,0,0,0,0,0,0,0,0,0,0,0,0,0,0,0,0,0,0,0,0,0,0,0,0,1,1,0,0,1,0,0,0,1,0,0,0,0,1,0,0,0,0,0,0,0,0,1,0,0,0,0,0,0,0,0,0,0,0
2020/3/31,芝田１丁目,,計,12,16,0,0,0,0,0,0,0,0,0,0,0,0,0,0,0,0,0,0,0,0,0,0,0,0,0,0,1,0,0,0,0,0,1,0,0,1,0,0,1,0,0,0,1,0,0,0,0,0,0,0,0,0,0,0,0,0,0,0,1,0,0,0,0,0,0,0,0,0,0,1,2,1,0,1,0,0,0,1,0,0,0,0,2,0,0,1,0,0,0,0,0,1,0,0,0,0,0,0,0,0,0,0,0
2020/3/31,芝田２丁目,,男,0,49,0,4,7,8,1,0,0,0,0,0,0,0,0,0,0,0,0,0,0,0,0,0,0,0,0,0,1,1,1,0,0,1,0,0,1,1,0,3,0,0,0,0,1,2,1,0,0,0,1,2,0,0,0,1,0,0,0,1,0,0,0,0,1,0,1,1,0,0,0,0,0,2,0,0,1,0,0,1,0,1,0,0,0,0,0,1,0,0,0,0,1,0,0,0,0,0,0,1,0,0,0,0,0
2020/3/31,芝田２丁目,,女,0,56,0,5,6,4,0,1,1,0,0,0,0,1,0,0,0,0,0,0,0,0,0,0,0,0,0,2,0,0,0,0,0,0,0,2,0,1,0,1,0,2,0,1,1,0,2,1,0,0,0,0,0,0,0,0,0,1,0,0,0,1,1,0,0,0,0,0,1,0,0,0,2,0,0,1,0,0,1,0,1,0,0,0,0,2,2,0,1,1,1,1,1,2,1,1,0,0,1,0,0,1,0,1,0
2020/3/31,芝田２丁目,,計,91,105,0,9,13,12,1,1,1,0,0,0,0,1,0,0,0,0,0,0,0,0,0,0,0,0,0,2,1,1,1,0,0,1,0,2,1,2,0,4,0,2,0,1,2,2,3,1,0,0,1,2,0,0,0,1,0,1,0,1,0,1,1,0,1,0,1,1,1,0,0,0,2,2,0,1,1,0,1,1,1,1,0,0,0,2,2,1,1,1,1,1,2,2,1,1,0,0,1,1,0,1,0,1,0
2020/3/31,末広町,,男,0,358,0,2,0,1,0,2,0,0,0,2,1,0,0,1,2,1,0,2,2,0,3,1,3,3,12,5,9,10,9,21,14,10,11,13,9,2,5,12,6,12,3,5,9,7,6,5,9,7,6,9,8,4,5,5,9,3,5,4,6,2,1,6,3,4,4,2,0,1,4,2,4,2,1,4,2,0,0,3,1,1,3,1,1,1,1,1,0,0,0,1,0,0,1,0,0,0,0,0,0,0,0,0,0
2020/3/31,末広町,,女,0,302,0,4,2,2,3,1,1,2,1,0,0,0,0,3,1,0,0,1,0,1,5,1,4,5,4,4,7,9,9,8,9,15,6,8,7,5,9,11,8,12,4,10,8,5,7,6,7,6,5,6,2,2,3,3,6,1,5,4,0,0,0,2,3,2,1,1,1,0,2,1,2,3,2,2,1,3,3,2,1,0,1,0,1,2,1,3,0,1,1,0,1,1,0,0,0,0,0,0,0,0,0,0,0
2020/3/31,末広町,,計,501,660,0,6,2,3,3,3,1,2,1,2,1,0,0,4,3,1,0,3,2,1,8,2,7,8,16,9,16,19,18,29,23,25,17,21,16,7,14,23,14,24,7,15,17,12,13,11,16,13,11,15,10,6,8,8,15,4,10,8,6,2,1,8,6,6,5,3,1,1,6,3,6,5,3,6,3,3,3,5,2,1,4,1,2,3,2,4,0,1,1,1,1,1,1,0,0,0,0,0,0,0,0,0,0
2020/3/31,菅原町,,男,0,502,0,7,4,6,7,5,2,5,3,6,4,2,7,6,7,2,1,3,4,0,2,6,6,3,5,5,5,4,6,8,6,6,7,4,6,13,12,11,8,5,4,4,9,14,5,6,8,13,8,4,7,11,15,11,8,9,9,5,9,5,5,10,7,4,6,6,4,2,7,4,5,7,6,7,5,5,2,2,5,7,2,3,0,5,1,3,1,1,3,1,0,1,0,1,0,1,0,0,0,0,0,0,0
2020/3/31,菅原町,,女,0,605,0,8,6,4,3,1,4,5,7,3,1,2,7,2,4,3,5,3,5,5,4,4,2,5,4,6,4,5,12,7,13,12,3,13,7,11,11,12,13,7,7,6,10,8,6,12,18,6,8,10,10,10,15,14,5,11,7,12,10,9,11,4,6,4,8,9,8,8,8,6,8,8,8,14,7,6,5,7,7,2,1,2,4,4,2,3,2,2,2,2,1,1,1,2,0,2,0,0,1,0,0,2,0
2020/3/31,菅原町,,計,640,1107,0,15,10,10,10,6,6,10,10,9,5,4,14,8,11,5,6,6,9,5,6,10,8,8,9,11,9,9,18,15,19,18,10,17,13,24,23,23,21,12,11,10,19,22,11,18,26,19,16,14,17,21,30,25,13,20,16,17,19,14,16,14,13,8,14,15,12,10,15,10,13,15,14,21,12,11,7,9,12,9,3,5,4,9,3,6,3,3,5,3,1,2,1,3,0,3,0,0,1,0,0,2,0
2020/3/31,曾根崎１丁目,,男,0,160,0,2,0,0,0,0,1,0,1,0,0,0,0,0,1,0,0,0,0,0,0,0,1,2,3,3,6,5,4,5,5,8,2,5,5,5,6,2,9,6,1,7,4,1,1,4,4,4,3,1,1,2,1,5,1,5,1,2,2,4,1,1,3,0,0,0,0,0,1,0,0,1,1,2,1,0,1,0,0,1,0,0,1,0,1,0,0,0,0,3,1,0,0,0,0,0,0,0,0,0,0,0,0
2020/3/31,曾根崎１丁目,,女,0,107,0,2,0,1,0,0,2,0,0,0,0,0,0,0,0,0,0,0,2,1,0,0,2,2,1,4,5,2,4,2,2,1,4,1,0,3,2,0,2,0,4,0,0,4,0,2,0,5,3,0,3,2,3,0,1,3,1,0,1,1,1,1,0,2,0,0,0,0,0,0,0,1,2,2,0,0,0,0,1,0,1,3,1,1,2,1,1,1,1,0,0,1,0,1,0,2,0,0,1,1,0,1,0
2020/3/31,曾根崎１丁目,,計,214,267,0,4,0,1,0,0,3,0,1,0,0,0,0,0,1,0,0,0,2,1,0,0,3,4,4,7,11,7,8,7,7,9,6,6,5,8,8,2,11,6,5,7,4,5,1,6,4,9,6,1,4,4,4,5,2,8,2,2,3,5,2,2,3,2,0,0,0,0,1,0,0,2,3,4,1,0,1,0,1,1,1,3,2,1,3,1,1,1,1,3,1,1,0,1,0,2,0,0,1,1,0,1,0
2020/3/31,曾根崎２丁目,,男,0,19,0,0,0,0,0,0,0,0,0,0,0,0,0,0,0,0,1,0,0,0,0,0,0,0,1,0,0,0,0,0,0,0,0,0,0,0,0,0,1,0,0,0,0,0,0,0,0,0,0,0,0,1,0,0,1,0,0,0,1,0,2,0,1,0,0,0,1,1,0,1,2,0,0,0,0,0,0,0,0,2,1,0,0,0,0,0,0,0,1,0,0,0,0,0,1,0,0,0,0,0,0,0,0
2020/3/31,曾根崎２丁目,,女,0,14,0,0,0,0,0,0,0,1,0,0,0,0,0,0,0,0,0,0,0,0,0,0,0,0,0,0,0,0,0,0,0,0,0,0,0,0,0,0,0,0,0,1,0,0,0,0,0,0,0,0,0,0,0,0,0,0,0,0,0,1,0,0,0,1,0,0,1,1,0,0,0,0,0,0,0,0,2,0,0,0,0,1,1,0,0,0,0,0,0,2,0,1,0,0,1,0,0,0,0,0,0,0,0
2020/3/31,曾根崎２丁目,,計,20,33,0,0,0,0,0,0,0,1,0,0,0,0,0,0,0,0,1,0,0,0,0,0,0,0,1,0,0,0,0,0,0,0,0,0,0,0,0,0,1,0,0,1,0,0,0,0,0,0,0,0,0,1,0,0,1,0,0,0,1,1,2,0,1,1,0,0,2,2,0,1,2,0,0,0,0,0,2,0,0,2,1,1,1,0,0,0,0,0,1,2,0,1,0,0,2,0,0,0,0,0,0,0,0
2020/3/31,曾根崎新地１丁目,,男,0,30,0,0,0,0,0,1,0,0,0,0,0,0,0,0,0,0,0,0,0,0,0,0,0,0,0,0,1,0,0,0,0,0,1,0,0,0,0,2,0,0,0,0,0,0,0,2,0,1,0,1,0,0,0,0,2,0,0,2,2,0,0,0,0,2,4,1,0,0,0,0,1,0,0,1,0,0,0,0,2,0,1,1,1,1,0,0,0,0,0,0,0,0,0,0,0,0,0,0,0,0,0,0,0
2020/3/31,曾根崎新地１丁目,,女,0,34,0,0,0,0,0,0,0,0,0,0,0,0,0,0,0,0,0,0,0,0,0,0,0,0,0,0,0,0,0,0,0,0,0,0,0,0,0,0,1,0,1,0,0,0,1,1,0,1,0,0,0,1,0,0,1,1,1,0,0,0,0,2,1,2,0,0,0,0,1,0,0,0,1,1,0,0,1,0,2,1,1,0,0,0,0,2,3,0,1,0,0,2,1,0,1,1,0,0,1,0,0,0,0
2020/3/31,曾根崎新地１丁目,,計,41,64,0,0,0,0,0,1,0,0,0,0,0,0,0,0,0,0,0,0,0,0,0,0,0,0,0,0,1,0,0,0,0,0,1,0,0,0,0,2,1,0,1,0,0,0,1,3,0,2,0,1,0,1,0,0,3,1,1,2,2,0,0,2,1,4,4,1,0,0,1,0,1,0,1,2,0,0,1,0,4,1,2,1,1,1,0,2,3,0,1,0,0,2,1,0,1,1,0,0,1,0,0,0,0
2020/3/31,曾根崎新地２丁目,,男,0,55,0,1,0,0,1,0,1,0,0,0,0,0,0,0,0,0,0,0,0,0,0,0,0,1,1,1,0,0,2,1,1,2,3,0,1,2,2,2,0,1,0,3,2,0,1,4,1,0,2,0,2,1,1,0,1,2,1,0,2,1,0,0,0,0,0,1,1,0,0,0,1,0,2,0,0,0,0,0,0,0,0,0,0,1,1,0,0,1,0,0,0,0,0,0,0,0,0,0,0,0,0,0,0
2020/3/31,曾根崎新地２丁目,,女,0,39,0,0,0,0,0,0,0,0,0,0,0,0,0,0,0,0,0,1,0,0,0,0,2,0,0,1,1,1,1,0,2,0,0,1,0,0,0,1,1,1,2,0,1,1,2,0,0,0,0,0,2,2,0,1,2,1,0,0,1,1,0,0,0,0,0,0,1,0,0,0,2,0,0,1,0,0,0,0,0,0,1,0,1,0,0,1,0,1,0,2,0,0,0,0,0,0,0,0,0,0,0,0,0
2020/3/31,曾根崎新地２丁目,,計,72,94,0,1,0,0,1,0,1,0,0,0,0,0,0,0,0,0,0,1,0,0,0,0,2,1,1,2,1,1,3,1,3,2,3,1,1,2,2,3,1,2,2,3,3,1,3,4,1,0,2,0,4,3,1,1,3,3,1,0,3,2,0,0,0,0,0,1,2,0,0,0,3,0,2,1,0,0,0,0,0,0,1,0,1,1,1,1,0,2,0,2,0,0,0,0,0,0,0,0,0,0,0,0,0
2020/3/31,太融寺町,,男,0,63,0,0,1,0,0,0,0,0,0,0,0,0,0,0,0,0,0,0,0,0,0,1,0,0,1,1,1,3,1,6,2,6,3,2,3,4,3,0,0,0,1,1,3,0,0,0,0,2,0,2,1,1,1,1,0,1,0,1,0,1,0,1,0,1,1,0,0,0,0,0,0,0,1,1,0,1,1,0,0,1,0,0,0,0,0,1,0,0,0,0,0,0,0,0,0,0,0,0,0,0,0,0,0
2020/3/31,太融寺町,,女,0,46,0,0,0,0,0,0,0,0,0,0,0,0,0,0,1,0,0,1,0,0,1,1,1,1,2,0,3,2,1,4,3,3,2,1,1,0,0,2,0,1,2,0,0,0,4,0,0,0,0,1,1,0,0,0,0,0,0,0,0,0,0,1,0,0,0,0,0,0,1,0,0,0,1,1,0,1,1,0,0,0,0,0,0,0,0,0,0,1,0,0,0,0,0,0,0,0,0,0,0,0,0,0,0
2020/3/31,太融寺町,,計,87,109,0,0,1,0,0,0,0,0,0,0,0,0,0,0,1,0,0,1,0,0,1,2,1,1,3,1,4,5,2,10,5,9,5,3,4,4,3,2,0,1,3,1,3,0,4,0,0,2,0,3,2,1,1,1,0,1,0,1,0,1,0,2,0,1,1,0,0,0,1,0,0,0,2,2,0,2,2,0,0,1,0,0,0,0,0,1,0,1,0,0,0,0,0,0,0,0,0,0,0,0,0,0,0
2020/3/31,茶屋町,,男,0,98,0,2,1,0,0,0,0,0,1,0,0,0,1,0,0,0,2,1,0,0,1,0,2,0,2,0,2,0,0,2,2,0,3,2,2,1,3,2,1,1,2,1,1,1,1,4,3,2,1,3,2,1,1,3,1,3,1,3,0,2,1,1,3,1,2,4,3,2,2,2,0,0,1,1,0,0,0,0,1,0,1,0,1,0,0,0,1,0,0,0,0,1,0,0,0,0,0,0,0,0,0,0,0
2020/3/31,茶屋町,,女,0,108,0,1,2,1,1,3,0,1,1,0,0,0,0,0,1,0,0,0,0,0,0,2,0,0,2,0,1,5,3,1,1,2,3,3,1,2,1,4,1,2,0,4,1,1,1,2,2,1,3,2,2,1,0,4,3,2,2,3,3,2,2,3,1,3,1,0,0,0,1,0,1,2,1,0,0,2,1,0,0,1,0,2,0,0,0,1,0,0,0,1,0,0,0,0,0,1,0,0,0,0,0,0,0
2020/3/31,茶屋町,,計,123,206,0,3,3,1,1,3,0,1,2,0,0,0,1,0,1,0,2,1,0,0,1,2,2,0,4,0,3,5,3,3,3,2,6,5,3,3,4,6,2,3,2,5,2,2,2,6,5,3,4,5,4,2,1,7,4,5,3,6,3,4,3,4,4,4,3,4,3,2,3,2,1,2,2,1,0,2,1,0,1,1,1,2,1,0,0,1,1,0,0,1,0,1,0,0,0,1,0,0,0,0,0,0,0
2020/3/31,鶴野町,,男,0,490,0,4,4,3,2,2,8,7,1,2,1,4,1,7,3,0,1,4,0,2,2,1,2,3,1,1,3,8,6,7,6,8,5,6,5,7,8,8,12,5,7,5,9,9,11,8,7,17,9,16,14,7,10,13,8,7,6,12,4,6,4,8,2,10,13,4,4,8,9,2,6,6,7,10,5,7,4,8,5,4,4,0,2,1,2,2,2,2,0,0,0,1,1,1,0,0,0,1,0,0,0,0,0
2020/3/31,鶴野町,,女,0,578,0,4,6,0,3,4,3,1,2,3,6,4,5,2,3,2,1,1,3,2,1,2,4,3,4,3,6,0,6,6,7,4,7,5,14,5,12,10,10,6,6,6,9,8,14,10,10,9,10,7,11,13,14,13,8,9,10,8,10,9,6,5,7,12,9,6,8,5,5,6,7,13,11,9,8,7,7,9,6,4,6,4,6,11,5,3,3,8,2,2,3,3,1,4,1,1,0,0,0,0,0,1,0
2020/3/31,鶴野町,,計,672,1068,0,8,10,3,5,6,11,8,3,5,7,8,6,9,6,2,2,5,3,4,3,3,6,6,5,4,9,8,12,13,13,12,12,11,19,12,20,18,22,11,13,11,18,17,25,18,17,26,19,23,25,20,24,26,16,16,16,20,14,15,10,13,9,22,22,10,12,13,14,8,13,19,18,19,13,14,11,17,11,8,10,4,8,12,7,5,5,10,2,2,3,4,2,5,1,1,0,1,0,0,0,1,0
2020/3/31,天神西町,,男,0,282,0,4,3,4,4,3,3,1,1,2,4,1,2,0,1,0,0,1,1,1,1,1,1,7,8,4,11,9,9,5,11,8,5,5,14,4,7,8,7,8,8,7,5,3,5,6,5,8,5,2,1,6,3,0,4,4,5,1,2,3,0,0,2,1,1,0,1,1,0,3,3,1,3,0,3,2,0,1,0,0,2,0,1,0,1,0,0,1,0,1,1,0,0,0,0,0,0,0,1,0,0,0,0
2020/3/31,天神西町,,女,0,346,0,1,4,2,1,3,3,2,4,1,0,0,0,0,0,2,2,0,0,0,2,2,1,7,10,15,10,14,6,15,6,12,15,12,4,6,12,10,9,4,8,10,5,10,4,2,8,6,2,5,11,6,2,6,4,1,1,4,3,2,1,1,3,2,0,0,0,2,5,0,3,3,2,0,1,2,2,3,0,3,2,1,1,1,1,1,3,2,0,0,0,0,2,1,0,0,0,0,0,0,1,0,0
2020/3/31,天神西町,,計,436,628,0,5,7,6,5,6,6,3,5,3,4,1,2,0,1,2,2,1,1,1,3,3,2,14,18,19,21,23,15,20,17,20,20,17,18,10,19,18,16,12,16,17,10,13,9,8,13,14,7,7,12,12,5,6,8,5,6,5,5,5,1,1,5,3,1,0,1,3,5,3,6,4,5,0,4,4,2,4,0,3,4,1,2,1,2,1,3,3,0,1,1,0,2,1,0,0,0,0,1,0,1,0,0
2020/3/31,天神橋１丁目,,男,0,919,0,7,9,7,9,9,5,6,6,11,7,4,7,7,2,2,4,1,4,4,4,4,4,10,12,5,15,18,17,27,21,14,19,21,18,20,18,27,24,18,20,14,19,16,18,17,22,19,11,17,12,18,12,19,10,10,12,9,7,13,9,11,11,9,10,6,7,1,7,11,9,12,11,10,5,7,6,10,7,4,2,4,6,3,2,4,4,2,0,3,0,0,2,0,1,0,1,0,0,0,0,0,0
2020/3/31,天神橋１丁目,,女,0,1036,0,6,10,6,12,5,8,9,7,4,3,2,3,2,6,7,4,2,5,3,2,3,6,6,16,14,14,17,21,14,15,17,26,12,23,17,23,24,20,15,22,28,33,24,24,22,19,17,15,25,26,18,20,20,7,15,8,11,13,12,10,18,5,16,9,7,6,7,8,12,15,11,10,6,13,2,3,6,7,6,7,4,1,12,8,5,5,2,2,5,5,4,3,2,3,1,2,0,0,0,0,0,0
2020/3/31,天神橋１丁目,,計,1287,1955,0,13,19,13,21,14,13,15,13,15,10,6,10,9,8,9,8,3,9,7,6,7,10,16,28,19,29,35,38,41,36,31,45,33,41,37,41,51,44,33,42,42,52,40,42,39,41,36,26,42,38,36,32,39,17,25,20,20,20,25,19,29,16,25,19,13,13,8,15,23,24,23,21,16,18,9,9,16,14,10,9,8,7,15,10,9,9,4,2,8,5,4,5,2,4,1,3,0,0,0,0,0,0
2020/3/31,天神橋２丁目,,男,0,405,0,2,5,3,3,2,2,0,1,1,3,0,3,0,1,5,3,2,0,4,5,1,3,4,5,10,6,9,12,5,9,4,11,5,8,3,9,6,8,2,10,6,8,9,5,6,11,6,5,4,8,6,9,4,4,5,14,6,4,6,2,4,4,6,7,4,4,4,3,3,2,5,2,5,4,2,4,6,6,3,2,4,2,1,1,0,3,2,2,1,0,0,4,1,0,0,1,0,0,0,0,0,0
2020/3/31,天神橋２丁目,,女,0,468,0,3,5,2,3,2,0,2,3,1,3,0,1,4,2,1,2,2,1,2,4,7,6,6,6,10,13,10,10,11,4,8,12,12,11,10,10,6,7,4,9,6,8,5,3,7,7,9,6,8,6,7,8,7,4,6,5,5,7,3,4,4,7,10,3,3,4,2,4,3,5,5,7,4,5,3,6,6,2,4,2,2,3,5,1,5,3,3,2,4,1,4,2,2,2,1,1,0,1,1,0,0,0
2020/3/31,天神橋２丁目,,計,573,873,0,5,10,5,6,4,2,2,4,2,6,0,4,4,3,6,5,4,1,6,9,8,9,10,11,20,19,19,22,16,13,12,23,17,19,13,19,12,15,6,19,12,16,14,8,13,18,15,11,12,14,13,17,11,8,11,19,11,11,9,6,8,11,16,10,7,8,6,7,6,7,10,9,9,9,5,10,12,8,7,4,6,5,6,2,5,6,5,4,5,1,4,6,3,2,1,2,0,1,1,0,0,0
2020/3/31,天神橋３丁目,,男,0,1231,0,10,11,9,9,5,9,15,8,3,12,8,4,5,7,10,5,5,5,9,14,10,15,18,24,11,24,25,21,18,25,29,20,15,16,17,21,20,18,33,21,15,19,27,33,27,26,25,25,21,20,22,18,17,16,28,16,18,14,11,10,8,13,8,8,11,9,15,17,15,13,17,10,8,12,4,5,12,6,13,5,2,7,4,8,6,6,3,3,3,5,0,0,1,1,0,0,1,0,0,0,0,0
2020/3/31,天神橋３丁目,,女,0,1342,0,10,8,11,5,11,7,8,12,7,11,8,7,8,9,6,6,5,7,7,6,8,14,13,11,23,20,21,25,15,31,21,22,20,24,17,22,24,24,24,20,23,26,18,27,17,27,26,33,27,30,16,21,16,24,21,14,23,11,16,11,13,9,13,10,8,16,15,15,14,18,15,25,14,15,7,16,5,6,11,7,10,10,12,8,6,11,10,5,8,4,4,4,5,3,1,0,0,3,0,1,0,0
2020/3/31,天神橋３丁目,,計,1653,2573,0,20,19,20,14,16,16,23,20,10,23,16,11,13,16,16,11,10,12,16,20,18,29,31,35,34,44,46,46,33,56,50,42,35,40,34,43,44,42,57,41,38,45,45,60,44,53,51,58,48,50,38,39,33,40,49,30,41,25,27,21,21,22,21,18,19,25,30,32,29,31,32,35,22,27,11,21,17,12,24,12,12,17,16,16,12,17,13,8,11,9,4,4,6,4,1,0,1,3,0,1,0,0
2020/3/31,天神橋４丁目,,男,0,543,0,3,4,1,3,3,3,2,0,1,1,2,1,1,3,1,4,4,0,2,3,5,6,7,3,5,9,9,9,11,9,8,17,7,8,11,11,10,3,11,10,6,13,11,6,14,6,8,12,11,13,11,10,8,5,7,15,10,5,7,8,6,7,6,7,4,4,2,6,6,11,9,8,10,8,2,8,7,1,5,4,1,3,4,4,2,2,3,2,2,0,0,0,1,0,0,0,1,0,0,0,0,0
2020/3/31,天神橋４丁目,,女,0,566,0,2,4,3,2,4,1,3,2,1,2,6,4,3,2,3,3,2,2,3,1,1,1,5,4,9,8,11,13,6,10,10,10,3,6,4,10,9,9,4,3,8,7,12,3,5,10,10,6,6,8,12,9,5,8,16,8,5,8,6,6,1,6,6,6,6,10,12,8,9,12,13,13,16,8,5,4,11,4,4,10,3,6,8,4,6,2,3,3,2,7,1,1,1,2,3,2,0,0,0,1,0,0
2020/3/31,天神橋４丁目,,計,725,1109,0,5,8,4,5,7,4,5,2,2,3,8,5,4,5,4,7,6,2,5,4,6,7,12,7,14,17,20,22,17,19,18,27,10,14,15,21,19,12,15,13,14,20,23,9,19,16,18,18,17,21,23,19,13,13,23,23,15,13,13,14,7,13,12,13,10,14,14,14,15,23,22,21,26,16,7,12,18,5,9,14,4,9,12,8,8,4,6,5,4,7,1,1,2,2,3,2,1,0,0,1,0,0
2020/3/31,天神橋５丁目,,男,0,205,0,1,1,0,1,0,1,0,1,3,2,1,1,0,2,0,0,2,0,0,1,4,1,2,1,5,5,4,4,5,2,4,2,3,2,9,4,2,3,2,4,2,4,3,3,2,3,4,5,4,3,2,2,8,7,0,4,4,0,0,1,3,5,2,0,4,2,4,2,3,4,1,2,4,2,0,0,5,2,3,1,0,1,1,0,1,1,0,0,4,0,1,0,0,0,1,0,0,0,0,0,0,0
2020/3/31,天神橋５丁目,,女,0,212,0,2,1,1,0,2,0,2,0,0,0,3,0,2,1,2,1,1,0,1,1,1,0,4,2,0,1,5,5,3,3,2,3,2,6,5,2,3,5,1,4,1,3,5,4,2,2,5,1,1,0,5,2,1,2,2,5,1,5,1,1,3,3,0,2,3,3,1,4,1,1,2,3,3,5,1,2,3,2,4,5,3,1,6,3,4,6,2,3,3,1,2,0,1,0,0,0,0,0,0,0,0,0
2020/3/31,天神橋５丁目,,計,268,417,0,3,2,1,1,2,1,2,1,3,2,4,1,2,3,2,1,3,0,1,2,5,1,6,3,5,6,9,9,8,5,6,5,5,8,14,6,5,8,3,8,3,7,8,7,4,5,9,6,5,3,7,4,9,9,2,9,5,5,1,2,6,8,2,2,7,5,5,6,4,5,3,5,7,7,1,2,8,4,7,6,3,2,7,3,5,7,2,3,7,1,3,0,1,0,1,0,0,0,0,0,0,0
2020/3/31,天神橋６丁目,,男,0,257,0,0,0,2,1,0,1,1,0,3,0,0,0,2,0,1,1,2,1,0,3,3,1,3,4,5,4,2,6,2,12,6,3,4,2,3,3,4,3,4,2,6,2,5,9,2,4,5,7,3,4,5,1,3,4,4,6,6,5,2,5,5,4,2,8,2,0,3,4,8,3,4,6,1,0,1,4,3,1,2,2,3,1,2,2,1,1,1,0,0,0,0,0,0,1,0,0,0,0,0,0,0,0
2020/3/31,天神橋６丁目,,女,0,256,0,0,1,2,1,2,2,2,0,2,2,0,1,0,0,1,1,0,2,1,4,2,3,2,4,7,1,5,5,4,5,2,5,3,1,3,4,2,4,3,5,3,6,4,3,8,0,2,2,4,4,5,3,3,3,4,2,3,2,4,3,6,1,5,4,2,3,3,4,2,3,8,3,3,3,4,2,2,4,4,1,0,3,3,2,5,2,1,2,1,0,1,0,0,2,1,1,1,0,0,0,2,0
2020/3/31,天神橋６丁目,,計,332,513,0,0,1,4,2,2,3,3,0,5,2,0,1,2,0,2,2,2,3,1,7,5,4,5,8,12,5,7,11,6,17,8,8,7,3,6,7,6,7,7,7,9,8,9,12,10,4,7,9,7,8,10,4,6,7,8,8,9,7,6,8,11,5,7,12,4,3,6,8,10,6,12,9,4,3,5,6,5,5,6,3,3,4,5,4,6,3,2,2,1,0,1,0,0,3,1,1,1,0,0,0,2,0
2020/3/31,天神橋７丁目,,男,0,947,0,6,9,10,6,14,4,4,4,3,3,6,2,3,2,2,2,3,2,4,4,11,4,12,15,15,11,13,15,15,9,12,11,17,17,28,14,16,27,23,16,16,18,19,15,21,28,17,19,31,22,24,22,15,15,18,15,7,9,13,12,10,10,6,8,12,11,12,13,7,12,14,10,12,7,3,4,3,3,5,6,6,1,3,2,3,5,2,1,1,0,0,2,2,1,0,0,0,0,0,0,0,0
2020/3/31,天神橋７丁目,,女,0,960,0,4,8,7,9,13,9,4,3,6,3,2,3,4,4,3,3,4,6,10,3,3,7,10,17,17,12,16,21,14,15,17,22,20,19,18,17,18,14,13,18,10,18,16,10,16,24,24,16,15,16,15,14,12,17,18,17,12,10,8,12,10,11,10,15,9,8,7,15,8,7,11,13,10,9,7,3,9,7,6,7,7,9,5,3,7,0,6,5,3,0,4,3,1,2,0,2,1,2,1,0,1,0
2020/3/31,天神橋７丁目,,計,1237,1907,0,10,17,17,15,27,13,8,7,9,6,8,5,7,6,5,5,7,8,14,7,14,11,22,32,32,23,29,36,29,24,29,33,37,36,46,31,34,41,36,34,26,36,35,25,37,52,41,35,46,38,39,36,27,32,36,32,19,19,21,24,20,21,16,23,21,19,19,28,15,19,25,23,22,16,10,7,12,10,11,13,13,10,8,5,10,5,8,6,4,0,4,5,3,3,0,2,1,2,1,0,1,0
2020/3/31,天神橋８丁目,,男,0,383,0,3,2,2,1,0,2,3,0,2,0,0,2,2,2,0,1,2,2,2,3,1,3,4,3,7,11,8,9,7,7,13,13,14,18,12,8,4,12,10,7,8,9,6,5,3,7,4,4,6,8,12,4,5,3,3,1,1,6,3,5,9,0,0,5,3,2,2,0,7,3,5,4,4,2,1,3,5,2,3,3,0,1,1,4,4,1,1,0,0,1,0,0,1,0,0,1,0,0,0,0,0,0
2020/3/31,天神橋８丁目,,女,0,379,0,7,1,4,2,3,2,2,0,4,1,0,1,0,0,1,1,3,2,6,2,3,8,7,8,10,14,15,9,9,10,16,13,4,13,7,11,7,9,7,3,2,6,5,4,4,4,3,9,4,7,0,5,1,3,4,5,5,3,3,2,3,1,1,0,5,2,2,2,1,5,0,4,5,1,3,1,3,6,2,1,1,1,2,4,4,5,2,2,1,3,0,1,0,0,1,0,0,0,0,0,0,0
2020/3/31,天神橋８丁目,,計,540,762,0,10,3,6,3,3,4,5,0,6,1,0,3,2,2,1,2,5,4,8,5,4,11,11,11,17,25,23,18,16,17,29,26,18,31,19,19,11,21,17,10,10,15,11,9,7,11,7,13,10,15,12,9,6,6,7,6,6,9,6,7,12,1,1,5,8,4,4,2,8,8,5,8,9,3,4,4,8,8,5,4,1,2,3,8,8,6,3,2,1,4,0,1,1,0,1,1,0,0,0,0,0,0
2020/3/31,天満１丁目,,男,0,1182,0,11,16,14,7,12,11,11,15,12,8,7,9,5,8,10,3,3,11,12,8,7,13,15,25,21,20,22,26,22,25,18,18,15,27,18,20,23,27,23,30,20,19,22,25,22,29,17,25,30,27,26,19,19,21,13,10,14,15,17,15,15,9,12,13,8,9,4,6,4,2,10,5,9,4,7,6,4,5,9,3,4,4,3,4,2,1,1,1,0,1,0,3,0,1,0,0,0,0,0,0,0,0
2020/3/31,天満１丁目,,女,0,1188,0,9,10,13,8,10,11,9,10,11,9,8,8,9,9,5,8,5,6,17,4,9,10,13,23,24,19,25,23,26,25,24,22,16,24,24,16,31,22,21,19,19,17,26,20,22,19,28,23,25,15,26,23,17,16,22,11,13,12,9,15,17,8,6,16,3,6,9,3,6,8,6,6,13,9,8,4,4,11,8,6,9,3,3,9,5,2,6,3,4,1,2,2,2,3,0,1,2,0,1,0,0,0
2020/3/31,天満１丁目,,計,1396,2370,0,20,26,27,15,22,22,20,25,23,17,15,17,14,17,15,11,8,17,29,12,16,23,28,48,45,39,47,49,48,50,42,40,31,51,42,36,54,49,44,49,39,36,48,45,44,48,45,48,55,42,52,42,36,37,35,21,27,27,26,30,32,17,18,29,11,15,13,9,10,10,16,11,22,13,15,10,8,16,17,9,13,7,6,13,7,3,7,4,4,2,2,5,2,4,0,1,2,0,1,0,0,0
2020/3/31,天満２丁目,,男,0,969,0,9,4,6,3,6,5,6,5,6,8,3,5,10,5,10,7,4,7,6,6,12,7,9,28,20,28,18,21,18,21,18,22,17,25,13,26,30,15,25,21,17,19,24,15,17,23,17,14,19,24,10,11,8,13,13,14,8,9,10,12,6,6,7,7,4,4,11,10,3,4,9,7,15,4,2,3,6,4,3,8,5,1,3,2,3,3,3,4,3,3,1,0,0,2,0,0,0,0,0,1,0,0
2020/3/31,天満２丁目,,女,0,1149,0,6,6,10,6,3,6,6,3,8,6,7,5,8,8,2,5,7,3,4,12,15,15,7,26,26,26,29,33,26,33,23,35,26,24,25,21,26,21,23,26,18,19,25,26,24,15,17,19,12,22,14,18,11,11,6,15,13,11,9,7,9,10,8,8,8,2,5,10,8,7,14,9,15,9,5,7,6,5,5,6,4,6,7,7,7,4,4,6,2,6,3,3,3,5,1,2,2,1,0,0,1,0
2020/3/31,天満２丁目,,計,1451,2118,0,15,10,16,9,9,11,12,8,14,14,10,10,18,13,12,12,11,10,10,18,27,22,16,54,46,54,47,54,44,54,41,57,43,49,38,47,56,36,48,47,35,38,49,41,41,38,34,33,31,46,24,29,19,24,19,29,21,20,19,19,15,16,15,15,12,6,16,20,11,11,23,16,30,13,7,10,12,9,8,14,9,7,10,9,10,7,7,10,5,9,4,3,3,7,1,2,2,1,0,1,1,0
2020/3/31,天満３丁目,,男,0,542,0,6,0,1,1,1,1,2,2,2,5,0,4,1,4,4,3,0,3,0,2,2,5,14,11,10,16,7,25,17,13,17,16,11,11,11,13,11,14,15,12,8,9,9,10,12,8,12,5,9,5,7,8,6,5,9,7,5,9,7,7,3,3,3,3,4,3,4,7,11,9,7,7,7,5,2,2,1,0,0,2,0,2,2,0,1,1,1,0,0,0,0,1,0,0,0,1,0,0,0,0,0,0
2020/3/31,天満３丁目,,女,0,564,0,2,3,1,4,0,2,1,2,2,2,2,1,2,2,1,3,3,1,7,4,4,8,16,8,12,14,9,14,16,20,17,20,10,11,17,15,9,12,15,15,10,2,12,16,17,12,7,14,4,4,7,11,5,8,2,5,9,7,8,2,5,4,1,11,0,6,5,7,3,2,9,3,5,5,2,4,1,1,1,1,2,2,0,0,2,1,0,2,1,1,3,3,1,0,0,0,1,0,0,0,0,0
2020/3/31,天満３丁目,,計,819,1106,0,8,3,2,5,1,3,3,4,4,7,2,5,3,6,5,6,3,4,7,6,6,13,30,19,22,30,16,39,33,33,34,36,21,22,28,28,20,26,30,27,18,11,21,26,29,20,19,19,13,9,14,19,11,13,11,12,14,16,15,9,8,7,4,14,4,9,9,14,14,11,16,10,12,10,4,6,2,1,1,3,2,4,2,0,3,2,1,2,1,1,3,4,1,0,0,1,1,0,0,0,0,0
2020/3/31,天満４丁目,,男,0,498,0,3,3,5,5,3,3,6,0,2,5,3,3,2,2,2,2,3,2,1,2,4,2,7,7,7,13,9,10,10,9,12,12,10,12,11,10,8,10,8,10,6,13,11,8,6,11,12,6,7,8,8,8,6,7,11,6,11,7,4,3,6,5,3,5,5,7,4,0,2,2,13,4,4,3,4,6,2,1,3,2,2,2,2,1,2,2,3,3,0,1,1,1,0,0,0,0,0,0,0,0,0,0
2020/3/31,天満４丁目,,女,0,601,0,7,3,3,2,1,2,1,2,2,2,1,2,3,8,3,3,0,6,3,2,3,9,3,8,9,8,8,10,13,8,16,11,17,16,7,13,12,12,9,8,14,13,10,12,10,16,14,16,14,11,10,7,11,9,9,11,8,11,5,5,5,3,3,6,7,7,4,2,0,5,3,6,13,4,6,1,3,3,4,4,3,5,5,3,3,2,4,4,5,0,2,1,0,2,1,0,0,0,0,0,0,0
2020/3/31,天満４丁目,,計,692,1099,0,10,6,8,7,4,5,7,2,4,7,4,5,5,10,5,5,3,8,4,4,7,11,10,15,16,21,17,20,23,17,28,23,27,28,18,23,20,22,17,18,20,26,21,20,16,27,26,22,21,19,18,15,17,16,20,17,19,18,9,8,11,8,6,11,12,14,8,2,2,7,16,10,17,7,10,7,5,4,7,6,5,7,7,4,5,4,7,7,5,1,3,2,0,2,1,0,0,0,0,0,0,0
2020/3/31,天満橋１丁目,,男,0,971,0,6,14,8,10,10,6,13,9,6,7,9,6,4,5,5,1,2,6,10,10,11,10,8,15,8,15,22,15,21,15,19,17,10,20,15,24,16,11,19,16,25,21,26,17,17,13,17,12,14,24,16,21,17,10,13,14,10,9,7,13,11,12,6,9,12,5,9,10,7,14,12,15,7,10,5,8,9,6,1,4,2,6,5,2,2,1,1,2,2,1,1,1,0,0,1,0,1,1,0,0,0,0
2020/3/31,天満橋１丁目,,女,0,1043,0,13,7,5,10,8,9,8,6,11,5,5,6,6,4,2,2,8,2,6,11,5,17,13,16,12,20,23,13,18,17,17,18,21,20,19,14,23,21,29,23,19,17,16,17,20,20,21,13,15,8,16,13,12,12,11,15,17,8,9,8,9,8,14,12,5,11,10,12,10,11,12,11,17,9,5,9,8,4,8,13,8,5,8,5,6,3,5,3,4,4,4,2,2,3,1,1,0,1,0,0,0,0
2020/3/31,天満橋１丁目,,計,1299,2014,0,19,21,13,20,18,15,21,15,17,12,14,12,10,9,7,3,10,8,16,21,16,27,21,31,20,35,45,28,39,32,36,35,31,40,34,38,39,32,48,39,44,38,42,34,37,33,38,25,29,32,32,34,29,22,24,29,27,17,16,21,20,20,20,21,17,16,19,22,17,25,24,26,24,19,10,17,17,10,9,17,10,11,13,7,8,4,6,5,6,5,5,3,2,3,2,1,1,2,0,0,0,0
2020/3/31,天満橋２丁目,,男,0,771,0,11,13,4,9,9,6,5,2,1,5,6,6,10,11,3,5,14,7,3,4,7,2,4,8,8,14,9,7,7,8,8,12,14,10,16,14,8,9,14,16,10,11,12,16,18,18,11,20,14,20,17,12,16,9,9,15,11,6,10,11,7,10,9,3,8,9,5,7,9,10,9,11,10,6,3,4,7,2,5,7,2,5,4,2,3,5,2,4,1,3,2,1,0,0,1,0,0,0,0,0,0,0
2020/3/31,天満橋２丁目,,女,0,878,0,4,5,8,6,6,6,9,8,7,12,6,7,4,13,6,6,9,3,5,5,10,6,1,9,9,9,6,4,2,9,8,10,9,11,11,12,11,9,10,16,15,13,14,14,21,23,22,15,19,20,15,12,20,12,8,15,12,8,12,10,8,6,11,9,12,10,10,4,14,9,7,12,20,18,7,4,8,6,11,3,11,7,11,8,5,7,3,1,7,5,1,5,2,3,0,3,0,2,0,1,0,0
2020/3/31,天満橋２丁目,,計,879,1649,0,15,18,12,15,15,12,14,10,8,17,12,13,14,24,9,11,23,10,8,9,17,8,5,17,17,23,15,11,9,17,16,22,23,21,27,26,19,18,24,32,25,24,26,30,39,41,33,35,33,40,32,24,36,21,17,30,23,14,22,21,15,16,20,12,20,19,15,11,23,19,16,23,30,24,10,8,15,8,16,10,13,12,15,10,8,12,5,5,8,8,3,6,2,3,1,3,0,2,0,1,0,0
2020/3/31,天満橋３丁目,,男,0,138,0,0,1,1,1,0,0,0,1,0,0,0,1,0,1,1,0,0,0,0,0,0,1,0,0,0,4,2,1,3,2,1,3,2,4,1,5,3,2,3,3,2,4,1,0,3,6,2,3,2,3,2,2,3,2,0,2,2,0,1,0,3,1,3,2,3,1,2,4,2,1,6,4,3,5,1,1,1,0,3,1,0,2,0,0,1,0,0,0,1,0,0,0,0,0,0,0,0,0,0,0,0,0
2020/3/31,天満橋３丁目,,女,0,101,0,0,0,0,0,0,0,0,0,1,0,0,0,0,0,0,0,0,0,0,0,0,1,1,1,4,3,4,0,0,5,2,3,1,2,1,1,4,2,1,3,1,4,2,2,0,1,0,2,2,3,0,3,3,1,0,1,2,2,1,0,1,1,1,1,1,1,0,2,1,2,2,3,2,2,0,1,1,0,0,1,1,0,1,1,2,0,1,0,1,0,1,0,0,0,0,0,0,0,0,0,0,0
2020/3/31,天満橋３丁目,,計,203,239,0,0,1,1,1,0,0,0,1,1,0,0,1,0,1,1,0,0,0,0,0,0,2,1,1,4,7,6,1,3,7,3,6,3,6,2,6,7,4,4,6,3,8,3,2,3,7,2,5,4,6,2,5,6,3,0,3,4,2,2,0,4,2,4,3,4,2,2,6,3,3,8,7,5,7,1,2,2,0,3,2,1,2,1,1,3,0,1,0,2,0,1,0,0,0,0,0,0,0,0,0,0,0
2020/3/31,兎我野町,,男,0,140,0,0,0,0,0,0,1,0,0,1,0,0,1,0,1,0,0,1,1,0,0,0,0,2,2,2,5,5,1,6,1,5,1,4,5,2,5,5,3,6,4,4,2,5,3,3,5,6,3,5,0,2,0,1,0,3,1,1,1,0,1,0,4,0,3,1,2,3,0,3,0,1,0,3,0,0,0,0,0,1,1,1,0,0,0,0,0,0,1,0,0,0,0,0,0,0,0,0,0,0,0,0,0
2020/3/31,兎我野町,,女,0,93,0,0,1,1,2,0,0,0,0,0,0,1,0,0,0,0,0,1,0,1,2,1,0,4,3,2,2,2,4,0,2,3,3,3,0,3,1,1,1,3,0,2,3,1,1,0,2,0,2,1,1,0,1,1,1,0,1,0,1,1,1,1,0,1,5,0,3,0,0,2,1,1,0,2,2,0,1,0,0,0,0,1,1,0,2,1,0,1,0,0,0,0,0,0,1,0,0,0,0,0,0,0,0
2020/3/31,兎我野町,,計,176,233,0,0,1,1,2,0,1,0,0,1,0,1,1,0,1,0,0,2,1,1,2,1,0,6,5,4,7,7,5,6,3,8,4,7,5,5,6,6,4,9,4,6,5,6,4,3,7,6,5,6,1,2,1,2,1,3,2,1,2,1,2,1,4,1,8,1,5,3,0,5,1,2,0,5,2,0,1,0,0,1,1,2,1,0,2,1,0,1,1,0,0,0,0,0,1,0,0,0,0,0,0,0,0
2020/3/31,同心１丁目,,男,0,1131,0,13,17,16,10,23,10,14,14,17,9,11,10,5,8,6,3,6,5,3,9,8,4,13,26,19,20,18,17,20,25,19,14,27,17,30,27,23,25,19,33,27,31,33,25,23,28,15,21,24,16,18,19,12,10,7,10,9,11,11,13,14,12,8,6,7,8,7,7,7,4,7,9,3,2,6,3,7,7,2,5,3,3,1,6,4,0,2,2,0,1,1,0,1,0,0,0,0,0,0,0,0,0
2020/3/31,同心１丁目,,女,0,1214,0,12,18,12,17,17,15,11,10,9,6,11,6,13,12,6,5,8,9,8,13,11,11,16,27,22,23,22,24,16,15,20,27,24,14,32,31,27,19,28,31,23,30,25,26,25,34,19,19,19,10,21,10,10,17,7,15,7,10,14,9,16,10,3,3,3,7,6,6,8,4,18,16,6,9,8,8,7,5,10,7,6,0,4,4,6,6,3,4,3,1,1,3,2,1,0,1,0,0,1,0,0,0
2020/3/31,同心１丁目,,計,1397,2345,0,25,35,28,27,40,25,25,24,26,15,22,16,18,20,12,8,14,14,11,22,19,15,29,53,41,43,40,41,36,40,39,41,51,31,62,58,50,44,47,64,50,61,58,51,48,62,34,40,43,26,39,29,22,27,14,25,16,21,25,22,30,22,11,9,10,15,13,13,15,8,25,25,9,11,14,11,14,12,12,12,9,3,5,10,10,6,5,6,3,2,2,3,3,1,0,1,0,0,1,0,0,0
2020/3/31,同心２丁目,,男,0,1815,0,25,18,18,16,18,11,18,13,19,16,11,18,18,11,11,12,10,13,15,21,12,20,23,20,36,32,39,42,31,26,28,37,33,37,42,44,47,37,43,28,44,37,29,35,29,38,26,32,31,37,23,26,33,19,18,24,18,15,12,23,21,21,14,17,18,11,15,12,9,15,10,8,17,5,10,9,9,12,15,8,5,4,6,3,3,5,0,6,1,3,1,2,0,0,2,0,0,0,0,0,0,0
2020/3/31,同心２丁目,,女,0,1959,0,17,16,19,18,13,18,22,15,12,9,16,10,11,17,9,9,8,7,12,24,29,16,26,25,24,28,36,29,36,31,37,32,35,45,47,37,34,46,34,45,49,43,31,31,41,28,41,26,38,32,25,31,29,20,26,21,30,24,19,17,23,18,20,19,16,14,18,9,15,15,14,21,27,20,7,8,16,10,6,15,8,16,10,8,5,11,1,4,7,6,3,4,2,3,1,0,0,0,0,1,2,0
2020/3/31,同心２丁目,,計,2278,3774,0,42,34,37,34,31,29,40,28,31,25,27,28,29,28,20,21,18,20,27,45,41,36,49,45,60,60,75,71,67,57,65,69,68,82,89,81,81,83,77,73,93,80,60,66,70,66,67,58,69,69,48,57,62,39,44,45,48,39,31,40,44,39,34,36,34,25,33,21,24,30,24,29,44,25,17,17,25,22,21,23,13,20,16,11,8,16,1,10,8,9,4,6,2,3,3,0,0,0,0,1,2,0
2020/3/31,堂島１丁目,,男,0,17,0,0,0,0,0,0,0,0,0,0,0,1,0,0,0,0,0,0,0,0,0,0,0,0,0,0,0,0,0,0,0,0,0,0,1,0,0,0,0,0,0,0,0,2,0,0,0,0,0,0,0,0,1,1,0,1,0,2,0,0,0,0,0,0,0,0,0,0,0,0,1,1,0,0,2,0,0,0,0,0,1,2,0,0,0,0,0,0,0,0,1,0,0,0,0,0,0,0,0,0,0,0,0
2020/3/31,堂島１丁目,,女,0,14,0,0,0,0,0,0,0,1,0,0,0,0,0,0,0,0,0,0,0,0,0,0,0,0,0,0,0,0,0,0,0,0,0,0,0,0,0,0,0,1,0,0,0,0,0,0,0,0,0,0,0,0,0,0,0,1,0,0,0,0,1,0,1,0,0,0,0,0,1,2,0,1,0,0,0,0,0,0,0,1,1,0,1,0,0,0,0,1,0,0,0,1,0,0,0,0,0,0,0,0,0,0,0
2020/3/31,堂島１丁目,,計,20,31,0,0,0,0,0,0,0,1,0,0,0,1,0,0,0,0,0,0,0,0,0,0,0,0,0,0,0,0,0,0,0,0,0,0,1,0,0,0,0,1,0,0,0,2,0,0,0,0,0,0,0,0,1,1,0,2,0,2,0,0,1,0,1,0,0,0,0,0,1,2,1,2,0,0,2,0,0,0,0,1,2,2,1,0,0,0,0,1,0,0,1,1,0,0,0,0,0,0,0,0,0,0,0
2020/3/31,堂島２丁目,,男,0,251,0,3,1,0,0,1,0,2,0,1,1,0,0,0,1,0,0,0,2,0,0,2,0,2,4,5,9,8,6,8,4,10,9,7,6,8,6,7,6,10,6,6,9,7,2,5,10,2,1,2,5,5,3,3,2,3,5,4,3,2,4,1,1,3,4,1,2,0,1,2,2,0,1,3,0,1,1,2,0,2,1,1,0,0,0,1,1,0,1,0,0,0,0,0,0,1,0,0,0,0,0,0,0
2020/3/31,堂島２丁目,,女,0,190,0,0,0,1,3,1,1,0,0,0,1,0,1,0,0,1,0,0,0,1,0,3,1,2,4,3,2,3,11,2,3,6,5,3,4,4,6,2,2,6,4,3,3,3,4,6,1,3,2,1,5,4,1,5,3,5,3,2,4,2,1,1,3,2,3,5,1,1,3,2,2,2,0,2,2,0,2,0,3,1,0,0,1,2,0,1,1,1,1,0,1,0,0,0,0,0,0,0,0,0,0,0,0
2020/3/31,堂島２丁目,,計,336,441,0,3,1,1,3,2,1,2,0,1,2,0,1,0,1,1,0,0,2,1,0,5,1,4,8,8,11,11,17,10,7,16,14,10,10,12,12,9,8,16,10,9,12,10,6,11,11,5,3,3,10,9,4,8,5,8,8,6,7,4,5,2,4,5,7,6,3,1,4,4,4,2,1,5,2,1,3,2,3,3,1,1,1,2,0,2,2,1,2,0,1,0,0,0,0,1,0,0,0,0,0,0,0
2020/3/31,堂島３丁目,@3,男,0,47,50,0,0,0,0,0,0,0,0,1,1,0,0,0,0,0,0,0,0,0,0,1,0,0,1,2,1,0,4,0,1,1,3,1,0,0,2,0,0,2,0,1,2,0,0,1,1,0,1,0,0,1,1,1,1,2,0,0,2,2,1,1,0,2,2,0,0,0,0,0,0,1,1,1,0,0,0,1,0,0,0,0,0,0,0,0,0,0,0,2,0,0,0,1,0,0,0,0,0,0,0,0,0
2020/3/31,堂島３丁目,@3,女,0,53,57,1,0,0,0,0,0,0,0,0,0,0,1,0,0,0,0,0,0,0,0,0,0,0,1,1,2,2,3,0,4,3,1,1,1,1,0,0,0,1,1,0,2,2,1,1,0,0,2,1,1,0,0,2,1,1,1,0,0,0,1,0,2,1,1,0,0,0,1,1,0,1,0,0,2,0,0,0,0,0,0,0,0,1,1,0,0,0,1,2,0,2,0,0,1,0,0,0,0,0,0,0,0
2020/3/31,堂島３丁目,@3,計,67,100,107,1,0,0,0,0,0,0,0,1,1,0,1,0,0,0,0,0,0,0,0,1,0,0,2,3,3,2,7,0,5,4,4,2,1,1,2,0,0,3,1,1,4,2,1,2,1,0,3,1,1,1,1,3,2,3,1,0,2,2,2,1,2,3,3,0,0,0,1,1,0,2,1,1,2,0,0,1,0,0,0,0,0,1,1,0,0,0,1,4,0,2,0,1,1,0,0,0,0,0,0,0,0
2020/3/31,堂島浜１丁目,*3,男,0,2,0,,,,,,,,,,,,,,,,,,,,,,,,,,,,,,,,,,,,,,,,,,,,,,,,,,,,,,,,,,,,,,,,,,,,,,,,,,,,,,,,,,,,,,,,,,,,,,,,,,,,,,
2020/3/31,堂島浜１丁目,*3,女,0,3,0,,,,,,,,,,,,,,,,,,,,,,,,,,,,,,,,,,,,,,,,,,,,,,,,,,,,,,,,,,,,,,,,,,,,,,,,,,,,,,,,,,,,,,,,,,,,,,,,,,,,,,
2020/3/31,堂島浜１丁目,*3,計,3,5,0,,,,,,,,,,,,,,,,,,,,,,,,,,,,,,,,,,,,,,,,,,,,,,,,,,,,,,,,,,,,,,,,,,,,,,,,,,,,,,,,,,,,,,,,,,,,,,,,,,,,,,
2020/3/31,堂島浜２丁目,*3,男,0,1,0,,,,,,,,,,,,,,,,,,,,,,,,,,,,,,,,,,,,,,,,,,,,,,,,,,,,,,,,,,,,,,,,,,,,,,,,,,,,,,,,,,,,,,,,,,,,,,,,,,,,,,
2020/3/31,堂島浜２丁目,*3,女,0,1,0,,,,,,,,,,,,,,,,,,,,,,,,,,,,,,,,,,,,,,,,,,,,,,,,,,,,,,,,,,,,,,,,,,,,,,,,,,,,,,,,,,,,,,,,,,,,,,,,,,,,,,
2020/3/31,堂島浜２丁目,*3,計,2,2,0,,,,,,,,,,,,,,,,,,,,,,,,,,,,,,,,,,,,,,,,,,,,,,,,,,,,,,,,,,,,,,,,,,,,,,,,,,,,,,,,,,,,,,,,,,,,,,,,,,,,,,
2020/3/31,堂山町,,男,0,235,0,3,0,0,2,0,2,0,0,0,1,0,0,0,1,0,0,0,0,0,0,3,2,2,3,3,5,9,8,5,5,6,3,6,8,9,7,6,7,3,3,6,7,6,3,1,4,6,7,4,3,5,1,1,3,4,2,2,7,2,2,2,3,2,2,3,2,2,4,1,6,2,2,2,1,1,2,0,1,1,3,0,2,0,1,0,0,0,1,0,0,0,0,0,1,0,0,0,0,0,0,0,0
2020/3/31,堂山町,,女,0,191,0,3,1,4,1,0,1,1,0,0,2,1,1,0,0,0,0,1,2,1,1,2,2,1,2,1,6,5,2,3,5,2,4,6,7,5,2,4,5,6,5,3,2,2,4,1,0,0,3,2,2,3,3,2,1,0,0,1,2,3,3,2,3,2,2,4,0,2,4,0,2,1,2,4,3,1,4,2,0,2,2,0,1,0,0,0,5,2,2,0,1,1,1,0,0,2,0,0,1,0,1,0,0
2020/3/31,堂山町,,計,325,426,0,6,1,4,3,0,3,1,0,0,3,1,1,0,1,0,0,1,2,1,1,5,4,3,5,4,11,14,10,8,10,8,7,12,15,14,9,10,12,9,8,9,9,8,7,2,4,6,10,6,5,8,4,3,4,4,2,3,9,5,5,4,6,4,4,7,2,4,8,1,8,3,4,6,4,2,6,2,1,3,5,0,3,0,1,0,5,2,3,0,1,1,1,0,1,2,0,0,1,0,1,0,0
2020/3/31,豊崎１丁目,,男,0,545,0,5,2,7,5,2,4,4,2,4,6,4,3,2,3,5,4,2,1,2,2,3,3,13,5,8,15,12,8,5,16,12,17,10,9,14,10,12,9,22,8,11,16,8,8,13,10,12,9,9,13,14,7,11,5,10,7,5,9,6,6,3,2,3,3,3,3,4,5,3,5,5,9,5,1,1,2,5,3,2,0,2,0,1,0,0,0,2,2,0,1,0,1,0,0,0,0,0,0,0,0,0,0
2020/3/31,豊崎１丁目,,女,0,512,0,6,1,1,5,1,4,1,2,2,4,2,3,4,1,3,3,0,1,3,5,6,12,9,7,13,12,5,10,10,15,14,11,10,14,13,8,9,13,9,7,8,3,9,10,13,14,7,7,6,10,9,7,8,4,7,4,5,5,3,3,3,2,2,4,4,4,2,4,2,6,3,4,4,6,4,2,4,4,1,2,3,1,9,3,5,6,4,3,1,1,1,2,2,1,0,0,1,0,0,0,1,0
2020/3/31,豊崎１丁目,,計,711,1057,0,11,3,8,10,3,8,5,4,6,10,6,6,6,4,8,7,2,2,5,7,9,15,22,12,21,27,17,18,15,31,26,28,20,23,27,18,21,22,31,15,19,19,17,18,26,24,19,16,15,23,23,14,19,9,17,11,10,14,9,9,6,4,5,7,7,7,6,9,5,11,8,13,9,7,5,4,9,7,3,2,5,1,10,3,5,6,6,5,1,2,1,3,2,1,0,0,1,0,0,0,1,0
2020/3/31,豊崎２丁目,,男,0,300,0,2,0,1,1,2,2,0,0,1,0,0,1,1,0,2,0,1,2,1,0,2,2,5,7,9,9,6,12,9,16,15,11,8,7,11,11,9,7,4,5,2,9,6,3,5,4,5,6,2,5,2,3,4,1,6,3,1,2,3,1,2,3,2,2,1,2,2,1,2,0,4,2,1,0,1,1,0,2,2,0,0,2,2,0,0,0,0,1,4,2,1,0,0,0,2,0,1,0,0,0,0,0
2020/3/31,豊崎２丁目,,女,0,264,0,2,1,0,0,0,0,0,0,1,0,0,0,1,1,0,0,3,0,3,4,1,3,4,10,10,7,7,9,6,7,13,3,9,13,7,9,6,4,7,1,2,4,3,2,2,4,5,0,5,7,1,3,5,1,5,3,3,2,3,3,2,3,1,2,1,1,0,1,3,2,2,1,1,0,1,1,2,2,2,0,2,1,2,2,2,4,1,0,0,3,1,1,0,0,1,0,0,0,0,0,1,0
2020/3/31,豊崎２丁目,,計,440,564,0,4,1,1,1,2,2,0,0,2,0,0,1,2,1,2,0,4,2,4,4,3,5,9,17,19,16,13,21,15,23,28,14,17,20,18,20,15,11,11,6,4,13,9,5,7,8,10,6,7,12,3,6,9,2,11,6,4,4,6,4,4,6,3,4,2,3,2,2,5,2,6,3,2,0,2,2,2,4,4,0,2,3,4,2,2,4,1,1,4,5,2,1,0,0,3,0,1,0,0,0,1,0
2020/3/31,豊崎３丁目,,男,0,542,0,4,11,6,4,8,2,4,4,1,1,2,3,1,0,0,3,5,1,2,2,1,4,4,3,6,14,9,8,12,16,11,18,12,17,15,18,10,10,15,15,12,12,5,12,10,5,15,3,10,11,6,7,8,3,14,11,11,5,10,7,8,6,6,7,7,2,2,2,4,1,5,7,3,2,1,3,1,1,1,1,1,0,4,1,1,2,1,0,1,0,1,0,0,1,0,0,0,0,0,0,0,0
2020/3/31,豊崎３丁目,,女,0,564,0,14,6,7,0,3,1,3,1,6,0,0,3,3,2,2,1,4,3,3,7,4,4,5,7,7,7,9,8,14,12,11,14,14,12,21,9,12,12,8,12,13,12,9,13,5,5,10,10,15,15,8,9,13,11,10,8,5,7,8,7,9,5,8,3,4,4,4,4,5,4,4,5,5,2,1,3,4,1,5,0,1,2,2,0,3,2,3,0,0,1,1,1,2,1,0,0,0,1,0,0,0,0
2020/3/31,豊崎３丁目,,計,681,1106,0,18,17,13,4,11,3,7,5,7,1,2,6,4,2,2,4,9,4,5,9,5,8,9,10,13,21,18,16,26,28,22,32,26,29,36,27,22,22,23,27,25,24,14,25,15,10,25,13,25,26,14,16,21,14,24,19,16,12,18,14,17,11,14,10,11,6,6,6,9,5,9,12,8,4,2,6,5,2,6,1,2,2,6,1,4,4,4,0,1,1,2,1,2,2,0,0,0,1,0,0,0,0
2020/3/31,豊崎４丁目,,男,0,759,0,10,12,10,10,6,11,9,11,4,8,3,4,4,3,1,4,1,4,2,5,4,5,3,17,10,21,16,17,18,14,18,16,16,16,13,17,15,14,15,14,11,14,15,15,19,22,13,12,22,15,10,15,17,9,11,15,9,5,4,7,6,5,3,6,2,5,6,3,1,5,7,5,3,0,4,4,8,2,6,2,3,1,3,1,1,0,1,1,1,1,0,1,0,1,0,0,0,0,0,0,0,0
2020/3/31,豊崎４丁目,,女,0,783,0,6,5,4,7,7,7,4,8,4,2,5,6,0,2,0,4,2,1,7,5,0,5,10,21,18,23,14,16,18,15,18,17,18,11,19,12,20,15,19,19,7,14,7,9,14,8,11,20,19,14,16,16,17,12,16,13,7,6,7,11,5,7,8,4,2,5,4,4,7,2,6,8,12,7,6,10,6,5,6,5,4,1,2,0,1,2,2,3,2,3,2,0,0,1,1,0,0,1,0,1,0,0
2020/3/31,豊崎４丁目,,計,990,1542,0,16,17,14,17,13,18,13,19,8,10,8,10,4,5,1,8,3,5,9,10,4,10,13,38,28,44,30,33,36,29,36,33,34,27,32,29,35,29,34,33,18,28,22,24,33,30,24,32,41,29,26,31,34,21,27,28,16,11,11,18,11,12,11,10,4,10,10,7,8,7,13,13,15,7,10,14,14,7,12,7,7,2,5,1,2,2,3,4,3,4,2,1,0,2,1,0,0,1,0,1,0,0
2020/3/31,豊崎５丁目,,男,0,327,0,1,4,1,0,1,0,3,1,1,2,1,0,0,1,2,3,1,1,0,3,2,4,4,4,7,8,18,11,8,9,10,9,9,9,4,8,9,6,6,2,7,6,7,6,3,6,6,1,1,3,6,0,4,0,5,2,1,4,3,4,1,3,0,3,3,3,3,2,5,4,3,1,2,4,3,4,1,2,4,3,4,1,3,5,3,1,4,2,0,0,2,0,0,0,0,0,0,0,0,0,0,0
2020/3/31,豊崎５丁目,,女,0,357,0,4,1,0,3,0,0,1,5,2,1,2,4,2,2,1,1,2,1,2,2,2,2,3,5,6,5,4,9,8,8,9,3,7,6,3,7,6,3,6,3,6,7,4,2,6,5,5,3,3,5,4,4,2,5,4,2,5,2,3,5,1,5,1,3,1,5,7,7,3,2,6,9,7,1,3,2,10,2,4,7,5,4,8,3,8,4,2,2,2,4,1,1,1,0,0,2,1,0,0,0,0,0
2020/3/31,豊崎５丁目,,計,481,684,0,5,5,1,3,1,0,4,6,3,3,3,4,2,3,3,4,3,2,2,5,4,6,7,9,13,13,22,20,16,17,19,12,16,15,7,15,15,9,12,5,13,13,11,8,9,11,11,4,4,8,10,4,6,5,9,4,6,6,6,9,2,8,1,6,4,8,10,9,8,6,9,10,9,5,6,6,11,4,8,10,9,5,11,8,11,5,6,4,2,4,3,1,1,0,0,2,1,0,0,0,0,0
2020/3/31,豊崎６丁目,,男,0,407,0,3,4,1,3,1,2,7,0,4,4,3,1,5,1,2,5,1,5,2,3,7,3,5,5,14,11,5,11,13,10,9,13,6,7,7,3,6,12,9,3,6,14,9,5,13,10,5,7,11,6,5,3,8,1,6,6,2,1,6,2,3,4,4,6,6,3,2,2,4,2,1,3,5,2,1,1,0,2,2,2,2,2,0,0,2,1,0,1,1,0,0,0,1,0,0,0,0,0,0,0,0,0
2020/3/31,豊崎６丁目,,女,0,423,0,2,3,2,3,1,0,1,3,6,0,3,7,3,5,3,4,5,3,3,2,3,5,14,5,5,10,9,11,6,11,6,10,11,6,10,4,8,8,4,10,6,6,11,5,10,7,10,7,11,6,8,5,6,7,4,7,4,1,3,2,3,1,3,1,7,2,5,8,4,2,1,4,1,1,3,2,1,2,2,2,2,3,0,1,2,5,2,3,1,1,2,0,1,2,1,0,0,1,0,0,0,0
2020/3/31,豊崎６丁目,,計,499,830,0,5,7,3,6,2,2,8,3,10,4,6,8,8,6,5,9,6,8,5,5,10,8,19,10,19,21,14,22,19,21,15,23,17,13,17,7,14,20,13,13,12,20,20,10,23,17,15,14,22,12,13,8,14,8,10,13,6,2,9,4,6,5,7,7,13,5,7,10,8,4,2,7,6,3,4,3,1,4,4,4,4,5,0,1,4,6,2,4,2,1,2,0,2,2,1,0,0,1,0,0,0,0
2020/3/31,豊崎７丁目,,男,0,375,0,3,5,5,3,3,4,2,0,1,0,1,3,3,0,2,0,2,3,1,5,6,3,1,5,2,6,2,7,9,3,8,6,11,7,10,6,7,9,8,6,11,4,7,8,8,7,4,9,3,2,5,8,7,8,5,2,4,4,6,1,7,5,3,4,4,2,3,5,11,3,8,5,6,0,4,5,2,1,2,0,1,2,1,2,0,2,3,0,2,0,0,0,0,0,1,0,0,0,0,0,0,0
2020/3/31,豊崎７丁目,,女,0,387,0,4,5,3,3,5,1,0,0,1,2,0,1,2,0,0,1,3,1,2,4,3,1,3,4,4,7,5,7,12,8,4,11,10,5,3,6,11,3,10,4,10,7,4,2,6,5,7,4,6,8,2,4,7,6,6,8,8,6,2,4,3,3,2,2,5,3,2,7,12,4,4,4,8,6,3,4,0,4,6,4,3,1,3,2,4,1,3,2,0,5,2,2,0,0,0,1,0,0,0,1,0,0
2020/3/31,豊崎７丁目,,計,468,762,0,7,10,8,6,8,5,2,0,2,2,1,4,5,0,2,1,5,4,3,9,9,4,4,9,6,13,7,14,21,11,12,17,21,12,13,12,18,12,18,10,21,11,11,10,14,12,11,13,9,10,7,12,14,14,11,10,12,10,8,5,10,8,5,6,9,5,5,12,23,7,12,9,14,6,7,9,2,5,8,4,4,3,4,4,4,3,6,2,2,5,2,2,0,0,1,1,0,0,0,1,0,0
2020/3/31,中崎１丁目,,男,0,522,0,4,4,2,2,2,4,0,8,1,3,4,1,2,3,2,2,2,3,8,2,1,1,7,3,6,9,8,6,14,15,6,9,8,8,9,7,11,10,9,12,11,8,14,7,11,12,22,13,12,4,11,10,6,3,2,4,8,4,3,5,6,4,7,5,3,1,9,3,5,8,7,6,11,4,6,6,3,4,4,2,8,2,4,5,2,1,2,1,1,2,0,1,1,0,0,0,0,0,0,0,0,0
2020/3/31,中崎１丁目,,女,0,579,0,4,4,2,3,2,3,4,2,0,2,4,2,5,4,4,3,2,1,0,4,2,5,2,5,5,5,6,14,7,7,12,11,13,9,14,7,8,12,12,13,14,16,9,13,12,5,9,16,10,8,3,12,6,6,9,9,6,1,2,5,1,2,2,6,7,5,3,2,7,8,6,5,14,6,4,8,5,5,9,7,4,5,12,7,8,7,3,7,1,3,4,4,2,2,0,0,2,1,0,0,0,0
2020/3/31,中崎１丁目,,計,753,1101,0,8,8,4,5,4,7,4,10,1,5,8,3,7,7,6,5,4,4,8,6,3,6,9,8,11,14,14,20,21,22,18,20,21,17,23,14,19,22,21,25,25,24,23,20,23,17,31,29,22,12,14,22,12,9,11,13,14,5,5,10,7,6,9,11,10,6,12,5,12,16,13,11,25,10,10,14,8,9,13,9,12,7,16,12,10,8,5,8,2,5,4,5,3,2,0,0,2,1,0,0,0,0
2020/3/31,中崎２丁目,,男,0,473,0,6,3,8,9,4,6,5,4,3,2,1,1,3,1,2,1,3,3,1,2,4,3,1,3,6,8,4,13,5,8,9,9,8,11,8,12,9,10,12,10,10,15,12,12,7,7,8,12,13,7,6,11,16,6,6,4,9,8,3,2,4,3,3,2,1,9,4,2,1,2,6,3,5,3,4,3,4,1,2,1,2,1,2,0,0,1,1,3,0,1,1,0,0,1,0,1,0,0,1,0,0,0
2020/3/31,中崎２丁目,,女,0,575,0,7,4,3,7,8,4,8,5,5,2,1,0,3,3,0,2,3,3,3,1,5,4,3,6,7,5,6,13,16,10,7,9,4,10,10,14,9,16,15,9,12,20,14,15,18,12,13,8,14,7,11,11,7,11,6,7,7,4,5,5,4,5,4,7,8,6,5,3,6,2,4,8,5,4,2,3,2,3,4,3,3,2,3,1,1,2,1,7,1,2,1,0,1,1,2,1,1,0,0,0,0,0
2020/3/31,中崎２丁目,,計,661,1048,0,13,7,11,16,12,10,13,9,8,4,2,1,6,4,2,3,6,6,4,3,9,7,4,9,13,13,10,26,21,18,16,18,12,21,18,26,18,26,27,19,22,35,26,27,25,19,21,20,27,14,17,22,23,17,12,11,16,12,8,7,8,8,7,9,9,15,9,5,7,4,10,11,10,7,6,6,6,4,6,4,5,3,5,1,1,3,2,10,1,3,2,0,1,2,2,2,1,0,1,0,0,0
2020/3/31,中崎３丁目,,男,0,351,0,4,5,7,0,2,2,1,3,5,1,0,4,1,2,0,0,3,1,1,2,3,3,0,0,4,3,6,4,6,9,9,12,7,6,7,7,10,5,8,11,10,11,9,4,8,10,8,9,5,9,6,6,5,4,8,9,2,2,3,2,2,3,2,1,1,2,6,3,2,4,4,1,1,4,1,1,2,3,1,2,0,4,0,1,1,1,1,0,0,1,0,2,0,0,0,0,0,0,0,0,0,0
2020/3/31,中崎３丁目,,女,0,405,0,6,7,4,2,2,3,3,2,0,3,1,2,4,0,1,1,2,1,0,3,0,1,5,5,4,6,6,9,6,14,6,8,17,5,16,10,12,14,6,8,7,7,4,10,8,14,6,9,6,5,6,4,5,5,3,4,3,7,4,8,2,5,1,3,1,2,3,3,1,3,2,3,2,3,3,2,3,1,2,0,3,2,3,2,3,2,5,3,2,0,2,0,1,0,0,1,0,0,1,0,0,0
2020/3/31,中崎３丁目,,計,480,756,0,10,12,11,2,4,5,4,5,5,4,1,6,5,2,1,1,5,2,1,5,3,4,5,5,8,9,12,13,12,23,15,20,24,11,23,17,22,19,14,19,17,18,13,14,16,24,14,18,11,14,12,10,10,9,11,13,5,9,7,10,4,8,3,4,2,4,9,6,3,7,6,4,3,7,4,3,5,4,3,2,3,6,3,3,4,3,6,3,2,1,2,2,1,0,0,1,0,0,1,0,0,0
2020/3/31,中崎西１丁目,,男,0,554,0,7,6,2,4,2,8,4,1,6,5,1,4,4,5,4,0,3,6,3,2,5,3,3,5,4,8,4,5,8,6,13,9,9,10,8,14,16,15,13,8,13,11,14,8,10,12,16,20,11,6,13,14,11,5,7,8,7,7,4,5,8,3,4,8,4,4,6,6,3,4,4,3,8,4,3,2,6,2,2,3,0,1,2,1,4,3,1,0,2,0,3,2,1,1,0,0,0,0,1,0,0,0
2020/3/31,中崎西１丁目,,女,0,596,0,7,6,6,7,4,5,9,6,6,4,2,5,3,2,1,4,1,4,2,2,6,1,1,5,6,6,8,3,12,10,12,16,10,8,10,7,15,17,11,11,7,9,8,12,9,9,21,11,13,20,11,17,6,8,9,5,8,6,5,4,5,2,5,7,6,4,4,5,9,3,9,11,4,5,0,1,3,4,7,5,6,1,5,5,1,3,4,0,3,0,1,2,1,1,3,1,0,1,0,0,0,0
2020/3/31,中崎西１丁目,,計,684,1150,0,14,12,8,11,6,13,13,7,12,9,3,9,7,7,5,4,4,10,5,4,11,4,4,10,10,14,12,8,20,16,25,25,19,18,18,21,31,32,24,19,20,20,22,20,19,21,37,31,24,26,24,31,17,13,16,13,15,13,9,9,13,5,9,15,10,8,10,11,12,7,13,14,12,9,3,3,9,6,9,8,6,2,7,6,5,6,5,0,5,0,4,4,2,2,3,1,0,1,1,0,0,0
2020/3/31,中崎西２丁目,,男,0,149,0,3,0,0,0,0,0,0,1,0,0,0,0,0,0,0,0,2,0,0,2,1,3,2,1,3,0,2,6,6,2,5,3,3,7,3,6,1,4,6,9,3,3,5,1,1,1,3,3,3,2,1,3,2,2,2,4,1,3,3,1,1,1,1,2,0,1,0,1,1,1,0,2,1,0,0,3,2,1,1,0,0,0,1,0,0,1,0,0,0,0,0,0,0,0,0,0,0,0,0,0,0,0
2020/3/31,中崎西２丁目,,女,0,163,0,2,0,1,0,1,1,2,2,0,0,0,0,0,1,0,0,1,0,1,0,0,1,1,2,4,5,5,5,9,7,6,4,5,3,4,4,2,6,4,5,3,1,1,2,8,2,1,3,4,2,4,0,1,2,1,3,1,2,2,0,2,0,1,1,2,0,0,1,5,0,0,1,1,3,1,1,1,0,0,1,0,1,1,0,1,0,0,1,0,0,1,0,0,0,0,0,0,0,0,0,0,0
2020/3/31,中崎西２丁目,,計,221,312,0,5,0,1,0,1,1,2,3,0,0,0,0,0,1,0,0,3,0,1,2,1,4,3,3,7,5,7,11,15,9,11,7,8,10,7,10,3,10,10,14,6,4,6,3,9,3,4,6,7,4,5,3,3,4,3,7,2,5,5,1,3,1,2,3,2,1,0,2,6,1,0,3,2,3,1,4,3,1,1,1,0,1,2,0,1,1,0,1,0,0,1,0,0,0,0,0,0,0,0,0,0,0
2020/3/31,中崎西３丁目,,男,0,255,0,1,3,0,1,0,0,0,0,0,0,0,0,0,0,0,1,0,1,0,1,3,7,8,9,11,14,7,20,15,5,10,2,6,1,6,2,2,5,3,2,2,3,1,3,2,5,3,4,4,3,0,2,1,3,3,3,2,2,1,3,3,1,2,3,1,0,2,1,2,3,2,5,5,2,1,1,4,2,3,1,2,2,1,1,1,2,1,1,1,0,0,2,0,0,1,0,0,0,0,0,0,0
2020/3/31,中崎西３丁目,,女,0,295,0,0,0,0,0,0,0,0,0,0,0,0,1,0,0,0,2,0,0,4,2,15,17,24,25,15,15,11,10,5,6,0,3,4,4,4,4,2,2,4,0,2,3,1,1,5,1,3,2,5,2,2,0,1,3,1,6,2,1,0,2,0,1,3,1,1,0,3,2,3,5,3,2,5,2,2,3,3,1,3,1,3,2,1,2,2,3,1,4,1,3,0,0,2,2,1,1,0,0,0,0,1,0
2020/3/31,中崎西３丁目,,計,474,550,0,1,3,0,1,0,0,0,0,0,0,0,1,0,0,0,3,0,1,4,3,18,24,32,34,26,29,18,30,20,11,10,5,10,5,10,6,4,7,7,2,4,6,2,4,7,6,6,6,9,5,2,2,2,6,4,9,4,3,1,5,3,2,5,4,2,0,5,3,5,8,5,7,10,4,3,4,7,3,6,2,5,4,2,3,3,5,2,5,2,3,0,2,2,2,2,1,0,0,0,0,1,0
2020/3/31,中崎西４丁目,,男,0,468,0,2,1,4,2,1,3,2,3,7,4,1,1,1,1,2,2,0,0,0,1,3,4,3,4,7,8,8,11,13,12,13,14,8,16,14,15,10,10,9,8,11,14,9,7,10,9,8,6,8,11,5,7,3,6,4,3,5,4,5,2,3,4,2,3,6,9,9,3,6,4,7,2,5,2,2,2,2,6,2,4,5,3,3,2,0,2,1,1,0,2,1,0,0,0,0,0,0,0,0,0,0,0
2020/3/31,中崎西４丁目,,女,0,504,0,3,4,8,0,3,5,3,3,2,1,0,3,3,3,3,1,0,0,2,2,2,6,3,10,7,2,13,11,12,8,13,12,8,10,3,19,13,11,4,13,11,4,5,13,7,10,8,3,7,7,4,6,6,4,8,10,5,5,4,6,7,4,3,5,5,7,3,5,2,7,6,4,10,4,7,5,6,7,4,5,2,3,4,5,1,3,1,2,3,0,1,2,1,1,2,1,1,0,1,1,1,0
2020/3/31,中崎西４丁目,,計,660,972,0,5,5,12,2,4,8,5,6,9,5,1,4,4,4,5,3,0,0,2,3,5,10,6,14,14,10,21,22,25,20,26,26,16,26,17,34,23,21,13,21,22,18,14,20,17,19,16,9,15,18,9,13,9,10,12,13,10,9,9,8,10,8,5,8,11,16,12,8,8,11,13,6,15,6,9,7,8,13,6,9,7,6,7,7,1,5,2,3,3,2,2,2,1,1,2,1,1,0,1,1,1,0
2020/3/31,中津１丁目,,男,0,656,0,12,3,8,7,3,7,4,1,1,4,1,4,2,2,1,4,4,5,1,2,4,2,4,9,10,9,7,18,13,14,11,9,20,17,15,5,18,12,14,13,14,5,15,10,16,12,10,9,8,12,10,4,8,8,12,12,10,9,6,8,9,13,5,4,7,8,6,5,6,11,7,7,14,4,4,3,2,4,5,2,5,1,3,7,7,2,2,2,0,1,1,0,0,0,0,1,0,0,0,0,0,0
2020/3/31,中津１丁目,,女,0,723,0,16,9,6,9,6,3,1,2,2,5,0,2,2,3,0,5,2,3,5,4,4,2,5,7,11,7,13,14,14,8,16,18,19,12,11,13,17,9,7,17,9,8,10,10,10,9,12,13,17,7,19,15,11,9,10,5,10,10,8,15,8,6,7,7,9,9,11,7,10,4,9,9,11,4,4,2,8,6,8,5,3,7,4,6,5,4,6,3,1,5,1,1,1,1,1,2,1,1,0,0,0,0
2020/3/31,中津１丁目,,計,880,1379,0,28,12,14,16,9,10,5,3,3,9,1,6,4,5,1,9,6,8,6,6,8,4,9,16,21,16,20,32,27,22,27,27,39,29,26,18,35,21,21,30,23,13,25,20,26,21,22,22,25,19,29,19,19,17,22,17,20,19,14,23,17,19,12,11,16,17,17,12,16,15,16,16,25,8,8,5,10,10,13,7,8,8,7,13,12,6,8,5,1,6,2,1,1,1,1,3,1,1,0,0,0,0
2020/3/31,中津２丁目,,男,0,1272,0,7,6,15,8,14,9,10,4,11,16,11,3,15,11,7,21,13,12,9,5,6,12,10,13,12,8,10,14,14,18,13,8,14,18,11,19,19,15,19,19,10,25,23,21,20,18,21,19,24,29,25,25,15,23,18,19,17,18,17,17,11,15,12,7,12,12,9,17,13,14,25,17,15,16,15,17,17,16,12,12,13,7,11,11,10,10,6,9,12,5,2,4,1,2,1,0,1,0,0,0,0,0
2020/3/31,中津２丁目,,女,0,1613,0,5,9,11,8,10,5,13,10,10,13,7,12,6,10,8,15,7,16,7,7,13,6,7,10,5,14,10,12,16,15,13,17,19,12,15,15,9,11,23,20,22,14,31,27,30,24,17,40,29,35,25,22,25,16,13,25,19,22,22,21,13,16,18,13,19,20,22,19,26,28,27,31,42,23,21,24,29,18,32,27,20,14,18,24,25,18,15,17,12,14,9,5,7,6,3,2,1,1,2,1,1,0
2020/3/31,中津２丁目,,計,1700,2885,0,12,15,26,16,24,14,23,14,21,29,18,15,21,21,15,36,20,28,16,12,19,18,17,23,17,22,20,26,30,33,26,25,33,30,26,34,28,26,42,39,32,39,54,48,50,42,38,59,53,64,50,47,40,39,31,44,36,40,39,38,24,31,30,20,31,32,31,36,39,42,52,48,57,39,36,41,46,34,44,39,33,21,29,35,35,28,21,26,24,19,11,9,8,8,4,2,2,1,2,1,1,0
2020/3/31,中津３丁目,,男,0,1834,0,24,27,27,19,19,16,10,15,12,10,18,5,8,8,6,10,4,12,6,25,21,17,25,44,29,24,23,22,16,25,29,36,41,40,37,50,29,24,28,33,25,29,31,31,39,37,28,27,28,25,27,27,25,20,26,30,20,17,20,22,15,19,16,19,17,14,18,21,13,30,20,22,32,15,10,12,13,12,10,7,13,9,12,9,10,8,7,8,1,1,3,6,2,1,0,1,0,0,0,0,0,0
2020/3/31,中津３丁目,,女,0,1997,0,17,20,16,22,25,22,13,7,12,8,9,9,10,4,13,7,7,11,10,18,18,22,21,21,17,22,25,28,24,31,30,40,27,42,42,31,38,34,45,30,32,40,25,30,29,34,39,32,27,22,33,30,33,25,21,23,28,21,16,18,24,14,23,17,21,15,19,21,31,16,28,28,27,11,15,20,16,23,18,18,28,17,20,13,22,8,15,13,8,6,6,9,6,6,4,2,0,0,1,0,2,0
2020/3/31,中津３丁目,,計,2190,3831,0,41,47,43,41,44,38,23,22,24,18,27,14,18,12,19,17,11,23,16,43,39,39,46,65,46,46,48,50,40,56,59,76,68,82,79,81,67,58,73,63,57,69,56,61,68,71,67,59,55,47,60,57,58,45,47,53,48,38,36,40,39,33,39,36,38,29,37,42,44,46,48,50,59,26,25,32,29,35,28,25,41,26,32,22,32,16,22,21,9,7,9,15,8,7,4,3,0,0,1,0,2,0
2020/3/31,中津４丁目,,男,0,341,0,1,3,0,0,2,0,0,2,1,1,6,1,2,4,3,2,2,1,0,2,0,5,9,10,6,15,19,13,11,15,11,10,9,8,7,6,5,7,2,7,3,7,7,7,5,7,9,4,4,5,2,3,4,2,2,4,1,2,5,0,0,4,3,3,0,1,2,3,3,0,2,3,1,1,1,4,1,1,2,2,3,2,1,1,0,0,1,1,2,1,0,0,1,0,0,0,0,0,0,0,0,0
2020/3/31,中津４丁目,,女,0,334,0,0,5,1,1,2,3,0,2,3,5,3,2,2,2,2,3,1,1,0,1,6,7,8,7,10,9,7,18,16,13,6,5,7,6,8,5,6,5,5,8,3,5,5,4,7,4,9,4,1,3,8,2,2,1,3,0,1,0,2,3,3,5,4,1,4,3,2,0,1,1,3,1,3,2,2,0,1,5,2,1,0,1,0,1,3,2,3,0,2,1,2,2,0,1,1,1,0,2,0,0,0,0
2020/3/31,中津４丁目,,計,481,675,0,1,8,1,1,4,3,0,4,4,6,9,3,4,6,5,5,3,2,0,3,6,12,17,17,16,24,26,31,27,28,17,15,16,14,15,11,11,12,7,15,6,12,12,11,12,11,18,8,5,8,10,5,6,3,5,4,2,2,7,3,3,9,7,4,4,4,4,3,4,1,5,4,4,3,3,4,2,6,4,3,3,3,1,2,3,2,4,1,4,2,2,2,1,1,1,1,0,2,0,0,0,0
2020/3/31,中津５丁目,,男,0,294,0,4,2,1,1,2,0,1,1,2,3,0,3,2,5,3,3,2,7,0,1,1,0,3,1,9,3,7,5,5,8,8,10,10,8,5,7,9,3,2,6,5,3,3,5,6,3,8,7,6,9,3,3,3,2,4,8,4,1,4,3,3,4,1,0,0,5,4,2,3,1,6,3,3,3,0,0,1,5,2,1,1,0,0,0,1,0,0,0,0,0,0,0,1,0,0,0,0,1,0,0,0,0
2020/3/31,中津５丁目,,女,0,255,0,2,1,0,0,3,0,2,0,1,1,1,1,2,1,1,2,4,0,2,1,3,4,5,4,5,5,5,7,7,5,4,3,3,5,7,4,4,9,4,2,4,6,7,2,4,5,4,9,9,6,8,2,2,1,3,2,4,1,3,3,2,3,3,6,1,2,3,4,2,1,1,1,0,2,2,2,4,1,0,0,2,1,1,2,0,2,0,0,0,2,0,0,0,0,0,0,0,0,0,0,0,0
2020/3/31,中津５丁目,,計,337,549,0,6,3,1,1,5,0,3,1,3,4,1,4,4,6,4,5,6,7,2,2,4,4,8,5,14,8,12,12,12,13,12,13,13,13,12,11,13,12,6,8,9,9,10,7,10,8,12,16,15,15,11,5,5,3,7,10,8,2,7,6,5,7,4,6,1,7,7,6,5,2,7,4,3,5,2,2,5,6,2,1,3,1,1,2,1,2,0,0,0,2,0,0,1,0,0,0,0,1,0,0,0,0
2020/3/31,中津６丁目,,男,0,679,0,6,3,5,6,3,12,4,7,3,3,1,4,1,1,3,4,6,4,2,5,2,13,15,21,16,21,26,33,25,26,15,14,16,9,20,21,15,16,12,13,23,10,19,13,16,9,12,10,11,12,6,7,4,6,7,3,6,1,4,5,2,6,3,1,4,1,2,2,2,0,4,6,2,3,0,0,2,4,3,2,2,2,2,1,2,0,0,0,0,0,2,0,0,1,1,0,1,0,0,0,0,0
2020/3/31,中津６丁目,,女,0,766,0,4,3,3,2,6,2,2,3,2,3,6,6,4,4,4,1,2,2,1,2,10,12,18,24,18,36,32,26,32,29,24,21,28,14,15,16,14,9,22,17,6,16,10,13,17,9,9,21,12,7,10,13,4,8,7,6,2,5,3,4,3,0,3,3,4,3,3,6,3,4,3,3,7,6,3,4,6,3,2,6,4,4,2,2,4,2,4,1,2,1,0,1,1,0,1,1,0,0,0,0,0,0
2020/3/31,中津６丁目,,計,1045,1445,0,10,6,8,8,9,14,6,10,5,6,7,10,5,5,7,5,8,6,3,7,12,25,33,45,34,57,58,59,57,55,39,35,44,23,35,37,29,25,34,30,29,26,29,26,33,18,21,31,23,19,16,20,8,14,14,9,8,6,7,9,5,6,6,4,8,4,5,8,5,4,7,9,9,9,3,4,8,7,5,8,6,6,4,3,6,2,4,1,2,1,2,1,1,1,2,1,1,0,0,0,0,0
2020/3/31,中津７丁目,,男,0,401,0,7,11,2,7,1,2,0,3,0,2,0,1,2,2,0,2,0,3,1,1,6,6,6,10,15,9,25,17,14,16,12,12,19,13,10,7,6,4,10,6,6,8,6,9,8,4,7,4,4,9,5,3,1,3,2,4,4,4,3,3,3,2,2,2,0,1,1,2,5,0,2,2,0,0,0,0,2,1,0,1,1,0,1,1,0,1,0,1,1,0,1,0,0,1,0,0,0,0,0,0,0,0
2020/3/31,中津７丁目,,女,0,371,0,9,3,2,1,2,5,5,1,0,1,1,1,1,0,0,3,1,0,3,3,5,3,7,9,17,14,16,11,12,16,20,13,11,11,7,10,10,5,4,6,6,4,5,5,5,4,1,10,4,2,2,3,3,2,8,3,1,3,3,3,3,1,2,1,2,4,1,1,1,1,2,1,4,0,1,0,1,1,2,0,2,1,1,2,2,1,2,1,0,1,1,1,0,0,1,0,0,0,0,0,0,0
2020/3/31,中津７丁目,,計,518,772,0,16,14,4,8,3,7,5,4,0,3,1,2,3,2,0,5,1,3,4,4,11,9,13,19,32,23,41,28,26,32,32,25,30,24,17,17,16,9,14,12,12,12,11,14,13,8,8,14,8,11,7,6,4,5,10,7,5,7,6,6,6,3,4,3,2,5,2,3,6,1,4,3,4,0,1,0,3,2,2,1,3,1,2,3,2,2,2,2,1,1,2,1,0,1,1,0,0,0,0,0,0,0
2020/3/31,中之島１丁目,,男,0,0,0,0,0,0,0,0,0,0,0,0,0,0,0,0,0,0,0,0,0,0,0,0,0,0,0,0,0,0,0,0,0,0,0,0,0,0,0,0,0,0,0,0,0,0,0,0,0,0,0,0,0,0,0,0,0,0,0,0,0,0,0,0,0,0,0,0,0,0,0,0,0,0,0,0,0,0,0,0,0,0,0,0,0,0,0,0,0,0,0,0,0,0,0,0,0,0,0,0,0,0,0,0,0
2020/3/31,中之島１丁目,,女,0,0,0,0,0,0,0,0,0,0,0,0,0,0,0,0,0,0,0,0,0,0,0,0,0,0,0,0,0,0,0,0,0,0,0,0,0,0,0,0,0,0,0,0,0,0,0,0,0,0,0,0,0,0,0,0,0,0,0,0,0,0,0,0,0,0,0,0,0,0,0,0,0,0,0,0,0,0,0,0,0,0,0,0,0,0,0,0,0,0,0,0,0,0,0,0,0,0,0,0,0,0,0,0,0
2020/3/31,中之島１丁目,,計,0,0,0,0,0,0,0,0,0,0,0,0,0,0,0,0,0,0,0,0,0,0,0,0,0,0,0,0,0,0,0,0,0,0,0,0,0,0,0,0,0,0,0,0,0,0,0,0,0,0,0,0,0,0,0,0,0,0,0,0,0,0,0,0,0,0,0,0,0,0,0,0,0,0,0,0,0,0,0,0,0,0,0,0,0,0,0,0,0,0,0,0,0,0,0,0,0,0,0,0,0,0,0,0,0
2020/3/31,中之島２丁目,,男,0,0,0,0,0,0,0,0,0,0,0,0,0,0,0,0,0,0,0,0,0,0,0,0,0,0,0,0,0,0,0,0,0,0,0,0,0,0,0,0,0,0,0,0,0,0,0,0,0,0,0,0,0,0,0,0,0,0,0,0,0,0,0,0,0,0,0,0,0,0,0,0,0,0,0,0,0,0,0,0,0,0,0,0,0,0,0,0,0,0,0,0,0,0,0,0,0,0,0,0,0,0,0,0,0
2020/3/31,中之島２丁目,,女,0,0,0,0,0,0,0,0,0,0,0,0,0,0,0,0,0,0,0,0,0,0,0,0,0,0,0,0,0,0,0,0,0,0,0,0,0,0,0,0,0,0,0,0,0,0,0,0,0,0,0,0,0,0,0,0,0,0,0,0,0,0,0,0,0,0,0,0,0,0,0,0,0,0,0,0,0,0,0,0,0,0,0,0,0,0,0,0,0,0,0,0,0,0,0,0,0,0,0,0,0,0,0,0,0
2020/3/31,中之島２丁目,,計,0,0,0,0,0,0,0,0,0,0,0,0,0,0,0,0,0,0,0,0,0,0,0,0,0,0,0,0,0,0,0,0,0,0,0,0,0,0,0,0,0,0,0,0,0,0,0,0,0,0,0,0,0,0,0,0,0,0,0,0,0,0,0,0,0,0,0,0,0,0,0,0,0,0,0,0,0,0,0,0,0,0,0,0,0,0,0,0,0,0,0,0,0,0,0,0,0,0,0,0,0,0,0,0,0
2020/3/31,中之島３丁目,,男,0,150,0,2,1,2,1,1,2,2,0,1,1,1,2,1,1,1,1,1,1,0,2,0,0,2,0,1,2,1,2,1,4,3,1,3,2,3,2,0,7,0,4,4,3,3,4,3,0,4,4,1,5,1,3,5,2,2,1,2,1,4,0,1,1,2,1,3,1,2,4,0,1,1,1,4,1,2,0,2,1,3,1,0,1,1,0,0,0,0,0,1,0,1,0,0,0,0,0,0,0,0,0,0,0
2020/3/31,中之島３丁目,,女,0,163,0,0,3,0,1,1,2,1,1,1,2,0,3,1,0,1,1,0,0,0,0,1,0,0,0,2,2,1,1,1,3,0,2,3,1,4,1,0,4,4,1,4,3,2,2,2,2,1,6,3,5,3,8,3,1,1,4,2,5,3,3,3,4,2,2,1,1,4,1,1,3,2,2,2,1,0,2,1,1,0,2,3,3,1,1,2,1,0,2,2,1,0,0,0,0,0,0,0,0,0,0,0,0
2020/3/31,中之島３丁目,,計,177,313,0,2,4,2,2,2,4,3,1,2,3,1,5,2,1,2,2,1,1,0,2,1,0,2,0,3,4,2,3,2,7,3,3,6,3,7,3,0,11,4,5,8,6,5,6,5,2,5,10,4,10,4,11,8,3,3,5,4,6,7,3,4,5,4,3,4,2,6,5,1,4,3,3,6,2,2,2,3,2,3,3,3,4,2,1,2,1,0,2,3,1,1,0,0,0,0,0,0,0,0,0,0,0
2020/3/31,中之島４丁目,,男,0,313,0,5,4,0,7,5,2,6,3,1,10,4,5,1,2,1,2,1,0,1,1,0,1,2,5,3,3,2,4,5,3,5,4,1,4,3,4,4,6,4,8,10,6,10,8,12,6,9,4,9,6,6,4,5,4,7,3,3,2,9,5,6,3,3,3,3,2,4,2,3,2,3,2,2,2,0,2,0,2,1,2,2,2,0,0,0,0,0,1,0,0,1,0,0,0,0,0,0,0,0,0,0,0
2020/3/31,中之島４丁目,,女,0,346,0,3,4,4,1,5,1,6,3,7,4,0,3,1,1,1,0,0,0,1,4,1,0,1,1,4,4,1,1,9,5,5,2,9,3,1,5,6,8,10,7,8,7,10,8,10,7,8,5,11,7,7,13,9,2,8,5,3,7,7,8,1,4,2,0,4,4,5,3,1,1,3,5,4,2,2,2,0,5,0,4,1,0,2,0,1,0,2,3,1,1,0,0,0,0,0,1,0,0,0,0,0,0
2020/3/31,中之島４丁目,,計,374,659,0,8,8,4,8,10,3,12,6,8,14,4,8,2,3,2,2,1,0,2,5,1,1,3,6,7,7,3,5,14,8,10,6,10,7,4,9,10,14,14,15,18,13,20,16,22,13,17,9,20,13,13,17,14,6,15,8,6,9,16,13,7,7,5,3,7,6,9,5,4,3,6,7,6,4,2,4,0,7,1,6,3,2,2,0,1,0,2,4,1,1,1,0,0,0,0,1,0,0,0,0,0,0
2020/3/31,中之島５丁目,,男,0,59,0,0,0,0,0,0,1,0,0,1,0,1,0,0,0,0,0,0,0,0,0,0,0,1,0,0,3,2,1,2,0,1,3,3,3,0,1,1,1,1,0,1,0,0,1,0,2,0,1,0,0,0,1,1,1,0,1,2,0,1,1,1,1,1,0,1,1,1,0,2,1,0,1,1,1,0,2,1,0,1,0,2,0,0,0,0,0,0,0,0,0,0,2,0,0,0,0,0,0,0,0,0,0
2020/3/31,中之島５丁目,,女,0,67,0,0,1,1,1,2,0,1,0,0,0,0,0,0,1,0,0,0,0,0,0,1,1,1,0,0,1,1,0,0,0,3,1,1,1,1,1,0,3,3,0,0,1,1,0,0,1,1,1,0,0,0,0,1,1,3,0,1,0,1,0,0,2,0,0,0,1,1,4,0,1,3,2,1,0,1,1,1,1,0,3,1,1,0,0,0,0,0,2,1,1,0,0,0,1,0,0,0,0,0,0,0,0
2020/3/31,中之島５丁目,,計,88,126,0,0,1,1,1,2,1,1,0,1,0,1,0,0,1,0,0,0,0,0,0,1,1,2,0,0,4,3,1,2,0,4,4,4,4,1,2,1,4,4,0,1,1,1,1,0,3,1,2,0,0,0,1,2,2,3,1,3,0,2,1,1,3,1,0,1,2,2,4,2,2,3,3,2,1,1,3,2,1,1,3,3,1,0,0,0,0,0,2,1,1,0,2,0,1,0,0,0,0,0,0,0,0
2020/3/31,中之島６丁目,,男,0,720,0,17,21,20,18,16,7,5,2,5,6,4,4,5,2,1,2,2,7,2,3,4,3,2,5,4,2,6,8,8,17,13,13,10,16,26,25,21,24,27,13,11,15,18,16,11,18,20,11,12,10,9,11,10,6,8,12,16,8,8,5,8,6,4,5,6,6,2,7,5,3,4,6,2,1,2,0,1,1,1,2,1,0,1,3,4,2,2,0,0,0,2,2,0,0,0,0,0,0,0,0,0,0
2020/3/31,中之島６丁目,,女,0,737,0,17,18,19,7,7,6,7,2,7,3,1,2,2,2,3,2,0,4,3,4,3,2,6,6,4,11,9,11,13,19,17,27,17,28,23,17,24,25,16,18,12,17,14,12,14,7,14,12,8,13,17,12,12,14,9,12,10,8,7,8,8,2,5,4,6,2,7,1,4,3,4,3,2,1,2,3,2,5,2,3,3,2,2,3,4,1,1,1,1,2,1,3,0,0,0,0,0,0,0,0,0,0
2020/3/31,中之島６丁目,,計,755,1457,0,34,39,39,25,23,13,12,4,12,9,5,6,7,4,4,4,2,11,5,7,7,5,8,11,8,13,15,19,21,36,30,40,27,44,49,42,45,49,43,31,23,32,32,28,25,25,34,23,20,23,26,23,22,20,17,24,26,16,15,13,16,8,9,9,12,8,9,8,9,6,8,9,4,2,4,3,3,6,3,5,4,2,3,6,8,3,3,1,1,2,3,5,0,0,0,0,0,0,0,0,0,0
2020/3/31,長柄中１丁目,,男,0,442,0,5,2,2,3,1,3,2,1,0,0,0,0,2,0,1,0,1,1,6,3,2,3,4,6,5,7,13,6,13,11,6,19,13,10,12,7,9,6,12,6,7,7,10,6,9,6,10,6,7,6,6,2,4,6,5,10,4,5,6,4,4,4,4,3,5,0,6,3,3,3,6,6,10,3,2,4,4,4,5,3,2,5,6,2,3,2,3,1,3,0,3,1,0,0,0,0,0,0,0,0,0,0
2020/3/31,長柄中１丁目,,女,0,466,0,4,3,5,2,2,4,3,0,2,1,1,3,0,2,0,3,1,1,3,5,2,1,3,5,6,5,12,12,9,8,10,15,5,9,6,7,10,6,1,7,4,6,5,4,2,7,10,7,7,5,6,4,8,3,5,5,2,4,4,4,2,2,1,2,6,3,8,4,3,8,4,6,10,11,7,3,10,8,8,9,5,10,5,4,8,11,2,6,2,3,1,4,1,0,2,0,1,0,0,0,0,0
2020/3/31,長柄中１丁目,,計,627,908,0,9,5,7,5,3,7,5,1,2,1,1,3,2,2,1,3,2,2,9,8,4,4,7,11,11,12,25,18,22,19,16,34,18,19,18,14,19,12,13,13,11,13,15,10,11,13,20,13,14,11,12,6,12,9,10,15,6,9,10,8,6,6,5,5,11,3,14,7,6,11,10,12,20,14,9,7,14,12,13,12,7,15,11,6,11,13,5,7,5,3,4,5,1,0,2,0,1,0,0,0,0,0
2020/3/31,長柄中２丁目,,男,0,452,0,0,3,5,3,5,4,2,1,3,3,2,3,6,2,4,2,1,4,3,4,1,6,4,7,2,5,3,6,9,6,8,8,8,4,8,5,5,6,6,10,2,7,3,4,9,6,9,5,7,14,13,11,9,9,5,17,4,10,8,3,8,5,4,7,2,3,3,4,5,3,4,7,5,2,7,3,7,3,4,3,3,6,1,6,2,3,2,0,1,1,1,1,2,2,0,0,0,0,0,0,0,0
2020/3/31,長柄中２丁目,,女,0,487,0,5,4,3,4,7,1,2,0,0,2,3,8,1,1,2,5,1,3,5,4,6,1,6,10,5,2,9,5,10,5,6,5,8,9,10,3,6,6,4,3,7,9,5,7,7,10,6,9,6,10,7,7,8,4,4,12,5,6,9,3,6,7,6,0,2,5,1,5,10,3,6,10,8,2,3,2,9,9,10,4,3,6,3,10,7,4,3,1,8,2,5,0,1,2,0,1,0,0,1,0,1,0
2020/3/31,長柄中２丁目,,計,551,939,0,5,7,8,7,12,5,4,1,3,5,5,11,7,3,6,7,2,7,8,8,7,7,10,17,7,7,12,11,19,11,14,13,16,13,18,8,11,12,10,13,9,16,8,11,16,16,15,14,13,24,20,18,17,13,9,29,9,16,17,6,14,12,10,7,4,8,4,9,15,6,10,17,13,4,10,5,16,12,14,7,6,12,4,16,9,7,5,1,9,3,6,1,3,4,0,1,0,0,1,0,1,0
2020/3/31,長柄中３丁目,,男,0,406,0,1,0,1,1,1,3,0,4,2,3,1,2,4,2,1,2,1,1,2,2,4,6,3,1,14,3,5,6,12,7,5,4,2,9,11,4,3,7,7,5,8,5,13,4,7,2,9,7,7,5,11,13,7,4,7,3,10,7,2,9,2,5,2,4,8,4,4,11,4,10,4,10,3,8,0,4,0,2,6,0,1,2,3,4,3,3,2,3,0,0,0,1,0,1,0,0,0,0,0,0,0,0
2020/3/31,長柄中３丁目,,女,0,368,0,1,0,2,2,1,1,0,2,1,3,1,1,4,0,3,0,1,2,4,5,2,4,4,5,6,6,7,6,7,3,2,2,4,4,4,1,5,7,8,5,8,6,3,7,5,8,5,7,8,4,6,6,5,6,4,7,5,4,2,6,4,2,5,5,1,1,4,2,5,3,5,2,9,3,2,5,4,6,5,2,4,6,3,8,4,3,5,2,4,4,3,1,4,0,1,1,1,1,0,0,0,0
2020/3/31,長柄中３丁目,,計,518,774,0,2,0,3,3,2,4,0,6,3,6,2,3,8,2,4,2,2,3,6,7,6,10,7,6,20,9,12,12,19,10,7,6,6,13,15,5,8,14,15,10,16,11,16,11,12,10,14,14,15,9,17,19,12,10,11,10,15,11,4,15,6,7,7,9,9,5,8,13,9,13,9,12,12,11,2,9,4,8,11,2,5,8,6,12,7,6,7,5,4,4,3,2,4,1,1,1,1,1,0,0,0,0
2020/3/31,長柄西１丁目,,男,0,1418,0,36,37,50,36,20,20,12,4,4,6,8,2,2,3,3,5,1,4,3,5,8,6,10,15,14,10,16,24,19,24,29,44,28,40,44,30,46,47,43,27,32,36,30,27,27,29,26,29,18,18,29,23,17,12,25,19,17,11,14,15,19,9,9,15,6,6,14,16,7,9,6,5,5,4,6,3,6,1,5,2,5,3,4,2,4,0,3,0,1,0,2,1,1,0,0,0,0,0,0,0,0,0
2020/3/31,長柄西１丁目,,女,0,1375,0,27,31,35,15,26,14,11,7,6,3,5,0,4,1,4,5,5,5,5,16,6,11,15,10,11,14,20,20,28,37,32,37,45,44,37,49,38,36,31,31,39,30,32,20,22,31,18,21,19,18,13,15,15,15,20,13,13,12,4,16,11,12,12,6,7,9,10,8,5,15,11,11,10,12,6,3,4,3,9,2,4,2,8,4,2,4,4,2,5,3,1,1,1,2,2,0,0,0,0,1,0,0
2020/3/31,長柄西１丁目,,計,1509,2793,0,63,68,85,51,46,34,23,11,10,9,13,2,6,4,7,10,6,9,8,21,14,17,25,25,25,24,36,44,47,61,61,81,73,84,81,79,84,83,74,58,71,66,62,47,49,60,44,50,37,36,42,38,32,27,45,32,30,23,18,31,30,21,21,21,13,15,24,24,12,24,17,16,15,16,12,6,10,4,14,4,9,5,12,6,6,4,7,2,6,3,3,2,2,2,2,0,0,0,0,1,0,0
2020/3/31,長柄西２丁目,,男,0,802,0,3,5,4,3,3,4,3,6,7,3,7,6,4,5,12,2,5,6,3,10,6,7,5,8,17,12,15,17,23,14,18,24,15,18,20,17,14,16,22,12,10,16,9,11,21,21,12,16,11,14,19,15,9,12,15,6,9,6,13,8,11,10,10,4,9,12,6,8,8,5,9,7,3,6,4,6,2,5,4,4,4,3,0,1,1,2,1,1,1,0,0,1,0,0,0,0,0,0,0,0,0,0
2020/3/31,長柄西２丁目,,女,0,816,0,5,7,3,5,2,5,4,2,3,8,10,3,10,3,5,7,8,7,11,4,9,8,7,12,10,14,19,14,25,11,22,22,18,18,12,17,18,4,13,14,11,13,15,17,18,11,14,16,13,13,23,18,10,11,15,14,14,9,10,8,7,9,7,8,4,8,3,7,6,5,8,4,7,5,5,2,4,3,6,7,2,2,2,2,2,3,2,1,0,2,0,1,2,3,1,1,0,1,1,0,1,0
2020/3/31,長柄西２丁目,,計,1000,1618,0,8,12,7,8,5,9,7,8,10,11,17,9,14,8,17,9,13,13,14,14,15,15,12,20,27,26,34,31,48,25,40,46,33,36,32,34,32,20,35,26,21,29,24,28,39,32,26,32,24,27,42,33,19,23,30,20,23,15,23,16,18,19,17,12,13,20,9,15,14,10,17,11,10,11,9,8,6,8,10,11,6,5,2,3,3,5,3,2,1,2,0,2,2,3,1,1,0,1,1,0,1,0
2020/3/31,長柄東１丁目,,男,0,975,0,8,5,9,8,10,8,9,6,6,5,4,13,9,7,6,5,7,9,9,11,5,9,18,8,8,12,9,12,13,9,14,10,14,11,10,13,13,14,7,6,12,14,9,12,7,18,17,12,28,14,15,22,24,15,20,21,11,17,14,13,7,21,14,10,7,10,12,13,13,13,16,17,12,11,7,11,12,10,8,3,13,8,6,8,6,1,6,2,2,4,2,3,1,1,0,0,0,1,0,0,0,0
2020/3/31,長柄東１丁目,,女,0,1055,0,6,9,7,6,4,5,9,3,5,3,4,3,6,8,7,6,7,5,7,10,6,16,16,9,8,13,5,11,9,7,11,6,8,17,3,11,18,10,9,15,17,15,11,10,12,24,16,12,20,19,22,19,22,23,21,27,17,20,21,16,13,21,18,9,12,10,12,11,11,16,21,28,16,13,5,10,14,11,14,8,9,7,8,9,9,5,7,5,5,1,5,3,1,4,6,1,1,0,4,0,0,0
2020/3/31,長柄東１丁目,,計,1017,2030,0,14,14,16,14,14,13,18,9,11,8,8,16,15,15,13,11,14,14,16,21,11,25,34,17,16,25,14,23,22,16,25,16,22,28,13,24,31,24,16,21,29,29,20,22,19,42,33,24,48,33,37,41,46,38,41,48,28,37,35,29,20,42,32,19,19,20,24,24,24,29,37,45,28,24,12,21,26,21,22,11,22,15,14,17,15,6,13,7,7,5,7,6,2,5,6,1,1,1,4,0,0,0
2020/3/31,長柄東２丁目,,男,0,2387,0,22,23,23,22,24,30,25,26,27,29,26,25,23,18,17,19,16,15,16,17,12,9,19,31,15,25,22,20,15,16,21,19,30,37,31,36,35,34,49,33,53,50,46,49,37,48,52,52,41,42,41,41,45,29,35,23,22,26,45,23,27,32,30,27,22,25,33,22,28,28,36,28,31,19,17,21,21,27,14,24,17,13,11,13,21,11,8,6,6,7,1,2,4,0,2,1,0,0,0,0,0,0
2020/3/31,長柄東２丁目,,女,0,2670,0,13,21,22,21,25,31,20,25,30,29,23,24,16,19,16,8,15,11,11,16,18,30,19,15,19,23,32,16,25,20,23,25,29,36,37,36,38,47,40,30,51,44,56,36,55,36,43,41,28,47,59,34,37,28,34,44,34,40,34,33,38,27,34,34,23,42,36,30,29,40,42,33,44,40,29,30,21,28,39,31,21,23,12,24,24,15,15,16,14,19,7,13,6,8,3,1,6,2,2,1,0,0
2020/3/31,長柄東２丁目,,計,2538,5057,0,35,44,45,43,49,61,45,51,57,58,49,49,39,37,33,27,31,26,27,33,30,39,38,46,34,48,54,36,40,36,44,44,59,73,68,72,73,81,89,63,104,94,102,85,92,84,95,93,69,89,100,75,82,57,69,67,56,66,79,56,65,59,64,61,45,67,69,52,57,68,78,61,75,59,46,51,42,55,53,55,38,36,23,37,45,26,23,22,20,26,8,15,10,8,5,2,6,2,2,1,0,0
2020/3/31,長柄東３丁目,,男,0,796,0,9,4,6,4,4,4,3,5,2,5,6,5,3,6,5,8,5,5,4,11,2,6,6,8,10,7,15,14,11,12,17,16,18,11,17,16,21,20,11,15,14,6,18,13,16,17,13,16,9,13,11,13,11,10,9,6,5,14,6,10,7,5,8,8,8,6,9,14,10,8,23,14,10,6,4,6,13,1,6,2,7,4,8,4,6,3,4,3,2,0,0,0,0,0,0,0,0,0,0,0,0,0
2020/3/31,長柄東３丁目,,女,0,947,0,10,8,7,6,7,8,1,6,9,5,4,6,7,5,2,5,6,10,9,5,11,13,17,20,9,21,12,9,23,16,17,19,14,17,18,11,16,10,8,15,8,10,10,10,6,13,18,11,12,16,14,11,12,14,11,11,5,8,14,7,14,14,6,6,11,10,12,13,13,15,17,12,15,9,9,8,10,15,5,13,8,6,9,6,11,10,7,2,4,3,0,6,2,2,1,0,0,0,0,0,0,0
2020/3/31,長柄東３丁目,,計,1006,1743,0,19,12,13,10,11,12,4,11,11,10,10,11,10,11,7,13,11,15,13,16,13,19,23,28,19,28,27,23,34,28,34,35,32,28,35,27,37,30,19,30,22,16,28,23,22,30,31,27,21,29,25,24,23,24,20,17,10,22,20,17,21,19,14,14,19,16,21,27,23,23,40,26,25,15,13,14,23,16,11,15,15,10,17,10,17,13,11,5,6,3,0,6,2,2,1,0,0,0,0,0,0,0
2020/3/31,浪花町,,男,0,808,0,6,4,5,1,2,3,6,1,1,3,1,3,4,4,5,3,3,6,3,10,11,13,9,10,17,23,30,26,30,13,16,8,8,15,15,12,13,10,6,17,10,9,12,11,20,18,14,14,17,11,16,16,12,10,7,9,7,11,10,15,7,6,9,5,4,10,7,4,5,9,13,6,11,5,2,4,7,7,5,11,4,3,9,3,3,8,3,0,2,5,2,1,1,0,2,0,0,0,0,0,0,0
2020/3/31,浪花町,,女,0,736,0,3,1,2,2,2,0,3,2,0,5,1,3,4,4,2,4,3,2,7,6,6,6,9,16,8,13,20,15,16,12,13,12,9,15,10,12,12,9,11,11,8,14,10,7,8,20,7,12,11,18,11,17,11,8,9,9,12,6,11,5,10,6,8,14,8,4,5,2,9,11,14,13,14,2,9,5,7,6,9,11,2,6,8,4,11,7,3,4,1,4,3,3,2,0,3,0,2,0,0,1,0,0
2020/3/31,浪花町,,計,1074,1544,0,9,5,7,3,4,3,9,3,1,8,2,6,8,8,7,7,6,8,10,16,17,19,18,26,25,36,50,41,46,25,29,20,17,30,25,24,25,19,17,28,18,23,22,18,28,38,21,26,28,29,27,33,23,18,16,18,19,17,21,20,17,12,17,19,12,14,12,6,14,20,27,19,25,7,11,9,14,13,14,22,6,9,17,7,14,15,6,4,3,9,5,4,3,0,5,0,2,0,0,1,0,0
2020/3/31,西天満１丁目,,男,0,313,0,5,5,5,7,1,4,7,3,4,5,1,1,4,2,1,3,0,1,1,2,2,3,1,2,0,4,3,3,2,3,1,3,3,4,3,7,6,4,3,4,1,6,8,7,8,7,5,7,4,7,9,2,6,6,2,8,4,5,3,2,2,7,5,6,1,5,2,6,5,2,3,3,6,7,3,1,0,1,3,4,2,1,0,3,0,1,0,1,0,2,0,0,1,0,0,0,0,0,0,0,0,0
2020/3/31,西天満１丁目,,女,0,365,0,3,1,2,3,5,4,4,2,6,2,5,5,4,0,1,0,5,0,0,1,3,1,0,2,3,5,1,1,1,4,7,8,5,3,7,3,5,8,6,11,7,5,15,9,8,9,9,4,8,5,7,7,4,8,9,7,5,3,5,4,8,4,3,6,2,5,4,7,4,2,1,7,3,5,2,3,2,1,4,1,0,0,1,2,1,1,1,0,2,1,1,1,0,2,1,0,0,0,2,0,0,0
2020/3/31,西天満１丁目,,計,374,678,0,8,6,7,10,6,8,11,5,10,7,6,6,8,2,2,3,5,1,1,3,5,4,1,4,3,9,4,4,3,7,8,11,8,7,10,10,11,12,9,15,8,11,23,16,16,16,14,11,12,12,16,9,10,14,11,15,9,8,8,6,10,11,8,12,3,10,6,13,9,4,4,10,9,12,5,4,2,2,7,5,2,1,1,5,1,2,1,1,2,3,1,1,1,2,1,0,0,0,2,0,0,0
2020/3/31,西天満２丁目,,男,0,24,0,0,0,0,0,0,0,0,1,1,0,0,0,0,0,0,0,0,0,0,0,0,0,3,0,0,1,0,0,0,0,0,1,0,1,0,0,1,0,0,0,0,0,0,0,1,1,0,1,0,0,1,1,0,0,0,1,0,0,0,0,0,0,0,1,1,0,0,0,2,0,0,0,0,0,0,2,0,0,1,0,0,0,0,0,0,0,1,0,0,0,1,0,0,0,0,0,0,0,0,0,0,0
2020/3/31,西天満２丁目,,女,0,28,0,0,0,0,1,0,2,0,0,0,0,0,0,0,0,0,0,0,0,0,0,0,1,0,0,0,2,0,0,1,0,0,0,0,1,0,0,0,1,0,0,0,0,0,0,0,1,0,1,0,1,0,2,0,0,0,0,0,1,0,0,0,0,1,2,2,0,0,0,1,0,0,0,0,0,0,0,1,0,1,0,1,0,0,0,0,1,0,1,0,0,0,0,1,0,0,1,0,0,0,0,0,0
2020/3/31,西天満２丁目,,計,29,52,0,0,0,0,1,0,2,0,1,1,0,0,0,0,0,0,0,0,0,0,0,0,1,3,0,0,3,0,0,1,0,0,1,0,2,0,0,1,1,0,0,0,0,0,0,1,2,0,2,0,1,1,3,0,0,0,1,0,1,0,0,0,0,1,3,3,0,0,0,3,0,0,0,0,0,0,2,1,0,2,0,1,0,0,0,0,1,1,1,0,0,1,0,1,0,0,1,0,0,0,0,0,0
2020/3/31,西天満３丁目,,男,0,1102,0,16,10,8,8,5,7,7,6,10,8,5,1,7,9,3,3,7,2,1,5,6,3,12,13,20,36,26,26,43,28,32,20,33,27,19,29,40,25,19,22,29,17,25,22,21,26,15,27,19,20,20,26,19,16,14,14,13,11,9,7,8,9,3,7,8,5,4,3,3,7,7,8,3,5,4,4,4,2,3,4,4,3,5,2,2,1,2,1,1,2,0,0,1,0,0,0,0,0,0,0,0,0
2020/3/31,西天満３丁目,,女,0,1087,0,15,11,8,6,5,4,5,4,6,6,4,4,5,3,4,5,3,1,7,12,10,8,14,27,17,27,30,34,45,39,23,39,24,19,24,31,29,18,26,22,22,27,16,26,18,20,19,20,20,14,19,17,13,8,9,14,14,5,9,7,10,1,10,5,3,4,6,4,4,9,5,7,9,4,3,3,4,5,3,3,5,1,6,2,5,2,4,3,5,1,1,2,2,0,1,1,0,1,2,0,0,0
2020/3/31,西天満３丁目,,計,1502,2189,0,31,21,16,14,10,11,12,10,16,14,9,5,12,12,7,8,10,3,8,17,16,11,26,40,37,63,56,60,88,67,55,59,57,46,43,60,69,43,45,44,51,44,41,48,39,46,34,47,39,34,39,43,32,24,23,28,27,16,18,14,18,10,13,12,11,9,10,7,7,16,12,15,12,9,7,7,8,7,6,7,9,4,11,4,7,3,6,4,6,3,1,2,3,0,1,1,0,1,2,0,0,0
2020/3/31,西天満４丁目,,男,0,401,0,1,0,3,1,0,2,2,1,0,1,0,0,1,2,0,0,1,2,1,2,3,1,6,12,11,14,20,15,11,22,9,15,15,10,7,13,9,10,14,9,7,7,5,8,11,4,7,3,10,8,5,5,4,3,4,2,7,8,1,2,4,1,3,0,2,4,1,4,1,2,3,3,3,2,0,0,0,2,2,0,1,2,0,0,1,0,0,1,1,0,0,0,1,0,0,0,0,0,0,0,0,0
2020/3/31,西天満４丁目,,女,0,385,0,2,1,2,1,1,0,0,0,1,1,0,3,0,1,1,0,1,2,4,0,3,3,7,7,12,10,9,8,16,9,7,16,16,11,13,9,7,11,8,13,9,8,8,6,6,8,6,5,9,7,9,5,4,4,5,3,2,2,2,4,2,2,1,0,1,2,2,1,1,2,2,1,0,4,4,3,0,3,2,1,3,2,1,1,2,0,2,0,0,1,2,2,1,2,2,0,1,0,0,1,0,0
2020/3/31,西天満４丁目,,計,668,786,0,3,1,5,2,1,2,2,1,1,2,0,3,1,3,1,0,2,4,5,2,6,4,13,19,23,24,29,23,27,31,16,31,31,21,20,22,16,21,22,22,16,15,13,14,17,12,13,8,19,15,14,10,8,7,9,5,9,10,3,6,6,3,4,0,3,6,3,5,2,4,5,4,3,6,4,3,0,5,4,1,4,4,1,1,3,0,2,1,1,1,2,2,2,2,2,0,1,0,0,1,0,0
2020/3/31,西天満５丁目,,男,0,587,0,3,3,5,3,3,4,2,2,4,1,3,3,4,2,0,4,2,2,0,4,1,7,9,8,15,18,16,15,13,17,18,19,24,12,18,12,14,21,14,14,13,8,9,12,13,12,8,11,12,9,7,9,6,6,7,8,3,3,5,5,5,8,5,4,3,7,3,2,3,6,3,1,5,3,2,2,2,2,4,2,2,0,3,0,1,0,0,2,0,1,1,0,0,0,0,0,0,0,0,0,0,0
2020/3/31,西天満５丁目,,女,0,608,0,3,3,3,3,5,1,1,4,2,2,3,0,4,3,3,4,2,2,2,2,6,2,9,13,12,21,19,24,20,17,8,6,8,17,15,15,17,11,15,15,13,9,13,13,11,12,15,12,11,13,14,11,4,7,11,3,9,4,1,6,3,1,2,4,3,1,4,2,3,5,4,4,4,7,2,2,4,3,1,4,4,2,2,1,2,4,1,2,2,3,3,1,2,0,1,0,0,0,0,0,1,0
2020/3/31,西天満５丁目,,計,902,1195,0,6,6,8,6,8,5,3,6,6,3,6,3,8,5,3,8,4,4,2,6,7,9,18,21,27,39,35,39,33,34,26,25,32,29,33,27,31,32,29,29,26,17,22,25,24,24,23,23,23,22,21,20,10,13,18,11,12,7,6,11,8,9,7,8,6,8,7,4,6,11,7,5,9,10,4,4,6,5,5,6,6,2,5,1,3,4,1,4,2,4,4,1,2,0,1,0,0,0,0,0,1,0
2020/3/31,西天満６丁目,,男,0,265,0,1,1,3,2,2,1,0,1,2,1,1,1,0,0,1,1,1,0,1,0,3,0,5,7,5,4,10,11,7,6,8,10,14,8,8,8,8,5,7,11,4,7,8,4,5,2,6,6,5,5,0,4,5,2,3,3,1,3,1,3,0,1,1,2,0,2,1,0,0,1,2,3,0,0,0,1,0,1,1,1,0,0,0,1,1,0,1,1,1,0,0,1,0,0,0,0,0,0,0,0,0,0
2020/3/31,西天満６丁目,,女,0,201,0,0,3,2,2,2,0,4,0,1,1,2,0,0,0,0,0,1,0,0,0,0,0,0,5,7,10,3,11,6,3,9,6,5,9,9,5,6,6,4,10,3,2,4,0,5,2,3,3,1,2,3,1,4,1,2,1,2,4,2,2,2,0,0,1,0,3,0,2,1,0,0,0,2,0,1,0,3,0,1,0,0,0,0,0,1,2,1,0,0,1,0,1,0,0,0,0,0,0,0,0,0,0
2020/3/31,西天満６丁目,,計,370,466,0,1,4,5,4,4,1,4,1,3,2,3,1,0,0,1,1,2,0,1,0,3,0,5,12,12,14,13,22,13,9,17,16,19,17,17,13,14,11,11,21,7,9,12,4,10,4,9,9,6,7,3,5,9,3,5,4,3,7,3,5,2,1,1,3,0,5,1,2,1,1,2,3,2,0,1,1,3,1,2,1,0,0,0,1,2,2,2,1,1,1,0,2,0,0,0,0,0,0,0,0,0,0
2020/3/31,錦町,,男,0,86,0,0,2,1,0,1,0,0,1,0,1,0,0,1,0,1,0,0,0,0,0,0,0,0,2,0,0,2,2,2,0,2,0,4,1,3,2,3,4,1,4,1,0,2,5,1,0,1,4,3,1,1,0,0,1,0,0,0,2,3,3,2,1,1,0,0,0,2,0,1,1,4,1,1,0,0,0,0,1,1,1,0,0,1,0,0,0,0,0,0,0,0,0,0,0,0,0,0,0,0,0,0,0
2020/3/31,錦町,,女,0,107,0,0,2,0,2,1,0,0,0,1,2,0,0,0,0,0,1,0,0,1,1,2,5,3,0,2,3,2,2,0,4,1,3,2,3,3,1,2,1,1,3,3,1,2,0,1,2,3,1,2,4,2,2,0,4,1,0,0,1,0,1,0,2,1,0,3,1,0,0,2,0,0,1,2,3,0,1,0,1,0,0,0,2,0,0,1,1,0,0,0,0,0,1,0,0,0,1,0,0,0,0,0,0
2020/3/31,錦町,,計,126,193,0,0,4,1,2,2,0,0,1,1,3,0,0,1,0,1,1,0,0,1,1,2,5,3,2,2,3,4,4,2,4,3,3,6,4,6,3,5,5,2,7,4,1,4,5,2,2,4,5,5,5,3,2,0,5,1,0,0,3,3,4,2,3,2,0,3,1,2,0,3,1,4,2,3,3,0,1,0,2,1,1,0,2,1,0,1,1,0,0,0,0,0,1,0,0,0,1,0,0,0,0,0,0
2020/3/31,野崎町,,男,0,350,0,7,9,1,5,5,3,3,1,2,2,3,3,0,1,2,0,1,0,1,1,1,3,1,3,0,2,4,3,11,5,13,8,12,13,10,13,7,14,6,8,10,8,9,10,5,5,7,5,9,4,7,6,4,4,4,7,7,8,6,2,3,2,2,3,3,1,1,1,2,4,0,2,2,0,1,2,0,1,0,1,0,1,0,0,0,0,1,1,1,0,1,0,0,0,0,0,0,0,0,0,0,0
2020/3/31,野崎町,,女,0,379,0,3,13,9,6,6,4,3,4,3,2,2,2,2,2,1,0,2,3,0,3,3,1,3,2,5,4,7,7,10,11,7,12,14,18,10,11,10,7,6,6,8,12,8,7,5,7,8,7,5,3,7,8,3,6,3,4,6,3,6,4,0,2,4,1,4,2,1,1,1,2,1,0,1,0,0,0,2,0,0,0,0,2,0,1,1,1,1,0,0,3,1,0,0,1,0,0,1,0,0,0,1,0
2020/3/31,野崎町,,計,393,729,0,10,22,10,11,11,7,6,5,5,4,5,5,2,3,3,0,3,3,1,4,4,4,4,5,5,6,11,10,21,16,20,20,26,31,20,24,17,21,12,14,18,20,17,17,10,12,15,12,14,7,14,14,7,10,7,11,13,11,12,6,3,4,6,4,7,3,2,2,3,6,1,2,3,0,1,2,2,1,0,1,0,3,0,1,1,1,2,1,1,3,2,0,0,1,0,0,1,0,0,0,1,0
2020/3/31,樋之口町,,男,0,770,0,12,8,12,10,9,12,7,4,9,7,4,4,2,5,0,4,3,2,4,1,6,5,4,2,5,5,8,9,11,11,14,12,5,10,11,4,20,19,14,16,18,19,21,22,19,25,23,18,22,13,15,17,16,16,10,16,10,11,10,10,11,9,13,5,8,4,7,9,8,8,4,2,6,5,2,3,1,5,3,4,1,1,2,1,0,3,1,0,3,0,0,0,0,0,0,0,0,0,0,0,0,0
2020/3/31,樋之口町,,女,0,773,0,19,8,11,12,10,5,9,7,6,8,5,4,4,5,4,1,1,2,2,0,3,2,7,5,6,3,7,8,6,12,12,19,14,11,16,13,11,23,23,15,18,13,21,17,24,18,19,18,17,10,16,9,22,9,11,14,13,12,13,7,7,10,9,8,8,6,5,4,5,5,4,6,2,2,2,2,7,3,4,3,5,0,3,5,2,2,5,3,2,0,2,0,0,1,0,0,1,0,0,0,0,0
2020/3/31,樋之口町,,計,842,1543,0,31,16,23,22,19,17,16,11,15,15,9,8,6,10,4,5,4,4,6,1,9,7,11,7,11,8,15,17,17,23,26,31,19,21,27,17,31,42,37,31,36,32,42,39,43,43,42,36,39,23,31,26,38,25,21,30,23,23,23,17,18,19,22,13,16,10,12,13,13,13,8,8,8,7,4,5,8,8,7,7,6,1,5,6,2,5,6,3,5,0,2,0,0,1,0,0,1,0,0,0,0,0
2020/3/31,東天満１丁目,,男,0,520,0,4,2,2,1,4,5,4,0,1,1,0,2,0,1,1,0,2,1,0,4,1,0,3,13,12,18,28,20,22,16,28,14,18,17,17,17,10,16,11,11,11,14,11,8,10,1,10,6,6,8,3,8,9,3,6,6,4,5,5,4,0,6,5,4,5,3,5,3,0,2,0,2,1,0,4,2,3,2,2,2,0,1,2,0,0,0,0,0,0,0,0,0,1,0,0,0,0,0,0,0,0,0
2020/3/31,東天満１丁目,,女,0,583,0,9,5,4,2,5,2,0,2,0,1,1,0,0,2,1,0,1,2,0,2,2,3,9,13,16,25,19,21,32,27,24,26,15,17,17,16,18,19,18,12,15,10,7,6,6,8,6,5,4,9,5,10,2,11,7,4,3,5,3,2,4,3,5,6,2,1,3,4,3,0,3,4,2,1,1,2,2,2,1,2,2,1,2,1,1,1,2,2,1,0,1,0,0,1,1,0,0,0,0,0,0,0
2020/3/31,東天満１丁目,,計,872,1103,0,13,7,6,3,9,7,4,2,1,2,1,2,0,3,2,0,3,3,0,6,3,3,12,26,28,43,47,41,54,43,52,40,33,34,34,33,28,35,29,23,26,24,18,14,16,9,16,11,10,17,8,18,11,14,13,10,7,10,8,6,4,9,10,10,7,4,8,7,3,2,3,6,3,1,5,4,5,4,3,4,2,2,4,1,1,1,2,2,1,0,1,0,1,1,1,0,0,0,0,0,0,0
2020/3/31,東天満２丁目,,男,0,570,0,12,14,10,14,9,5,3,8,9,3,4,1,6,2,6,5,3,3,1,4,5,3,1,5,4,3,4,6,5,6,9,11,11,11,9,16,11,14,14,19,15,8,10,14,13,13,15,15,15,3,8,11,12,6,10,8,6,9,5,7,7,4,2,4,5,6,2,4,5,5,1,6,3,3,0,3,5,1,0,0,1,2,1,3,0,0,0,3,1,0,0,0,0,0,1,0,0,0,0,0,0,0
2020/3/31,東天満２丁目,,女,0,653,0,7,8,6,12,10,11,8,10,2,7,4,3,2,4,5,3,6,7,4,3,4,4,4,10,5,4,10,9,11,3,12,13,14,25,17,17,15,16,12,12,11,15,12,16,17,13,13,6,10,5,12,13,7,9,12,9,8,9,11,6,2,10,6,5,4,5,6,4,2,6,6,5,6,3,2,2,1,0,2,2,4,5,1,2,1,0,1,1,2,1,1,0,0,1,0,0,0,0,1,0,0,0
2020/3/31,東天満２丁目,,計,646,1223,0,19,22,16,26,19,16,11,18,11,10,8,4,8,6,11,8,9,10,5,7,9,7,5,15,9,7,14,15,16,9,21,24,25,36,26,33,26,30,26,31,26,23,22,30,30,26,28,21,25,8,20,24,19,15,22,17,14,18,16,13,9,14,8,9,9,11,8,8,7,11,7,11,9,6,2,5,6,1,2,2,5,7,2,5,1,0,1,4,3,1,1,0,0,1,1,0,0,0,1,0,0,0
2020/3/31,本庄西１丁目,,男,0,1131,0,18,25,11,14,8,11,9,4,11,6,4,5,6,5,4,6,2,11,2,6,7,7,11,6,10,12,16,14,8,17,16,17,28,19,22,27,22,24,20,20,29,20,23,24,19,27,23,22,25,17,15,23,20,12,18,24,17,19,14,18,9,17,7,12,7,9,8,11,7,11,7,16,17,10,10,5,6,5,8,6,3,3,7,3,4,3,3,3,3,3,0,1,3,0,0,1,2,1,0,0,0,0
2020/3/31,本庄西１丁目,,女,0,1194,0,18,13,18,18,6,13,6,6,3,4,10,2,1,8,9,7,5,3,11,10,11,3,11,6,8,8,11,17,20,16,23,18,25,24,26,22,26,23,22,23,16,24,24,14,21,30,21,27,16,26,21,18,15,12,26,24,10,23,15,6,8,9,9,13,8,13,11,8,3,15,14,11,19,10,10,6,7,12,8,8,9,10,10,7,8,6,9,7,6,2,4,0,2,1,2,2,1,1,1,1,0,0
2020/3/31,本庄西１丁目,,計,1271,2325,0,36,38,29,32,14,24,15,10,14,10,14,7,7,13,13,13,7,14,13,16,18,10,22,12,18,20,27,31,28,33,39,35,53,43,48,49,48,47,42,43,45,44,47,38,40,57,44,49,41,43,36,41,35,24,44,48,27,42,29,24,17,26,16,25,15,22,19,19,10,26,21,27,36,20,20,11,13,17,16,14,12,13,17,10,12,9,12,10,9,5,4,1,5,1,2,3,3,2,1,1,0,0
2020/3/31,本庄西２丁目,,男,0,920,0,12,10,11,9,6,5,5,5,4,0,2,3,7,6,4,2,3,7,7,5,5,10,9,21,16,19,28,28,21,20,30,24,31,24,23,25,20,23,13,17,22,15,18,15,19,18,10,14,12,9,20,11,14,6,12,10,15,7,4,8,4,7,9,5,7,6,6,3,7,6,9,15,7,3,2,6,6,3,2,1,2,2,7,1,0,5,0,2,1,2,0,0,1,1,2,0,1,0,0,0,0,0
2020/3/31,本庄西２丁目,,女,0,965,0,9,11,12,4,7,3,2,3,4,7,3,1,9,2,8,7,4,4,4,5,13,8,23,12,21,22,17,29,20,35,24,33,28,27,20,19,15,18,20,21,15,23,14,8,16,12,10,11,15,17,4,8,16,8,9,10,7,4,5,5,4,4,6,7,4,2,4,4,8,13,8,13,12,3,5,8,2,5,8,3,9,11,8,5,7,5,4,3,4,5,5,5,3,2,3,1,7,1,1,2,0,0
2020/3/31,本庄西２丁目,,計,1215,1885,0,21,21,23,13,13,8,7,8,8,7,5,4,16,8,12,9,7,11,11,10,18,18,32,33,37,41,45,57,41,55,54,57,59,51,43,44,35,41,33,38,37,38,32,23,35,30,20,25,27,26,24,19,30,14,21,20,22,11,9,13,8,11,15,12,11,8,10,7,15,19,17,28,19,6,7,14,8,8,10,4,11,13,15,6,7,10,4,5,5,7,5,5,4,3,5,1,8,1,1,2,0,0
2020/3/31,本庄西３丁目,,男,0,804,0,4,5,3,5,3,4,7,4,6,6,5,6,6,8,8,4,10,8,10,9,7,6,15,7,7,21,12,16,15,19,11,16,13,16,11,11,18,13,8,9,16,18,13,7,15,17,15,19,16,8,12,15,9,12,15,15,10,11,11,9,3,10,3,7,16,4,6,11,10,8,9,14,8,6,5,5,6,8,4,7,0,2,3,4,2,2,1,2,1,2,0,0,0,0,0,0,0,0,0,0,0,0
2020/3/31,本庄西３丁目,,女,0,824,0,4,4,3,3,5,7,4,6,12,4,6,4,7,8,2,4,4,14,4,12,6,10,7,13,13,6,12,11,10,10,13,16,14,11,8,16,11,11,10,10,9,9,13,17,13,17,21,9,12,15,10,26,11,16,15,13,10,13,4,10,9,8,14,8,12,11,11,12,11,14,13,10,11,6,7,5,1,5,3,6,3,4,6,11,6,2,4,1,1,2,2,1,3,0,2,0,0,0,0,0,1,0
2020/3/31,本庄西３丁目,,計,932,1628,0,8,9,6,8,8,11,11,10,18,10,11,10,13,16,10,8,14,22,14,21,13,16,22,20,20,27,24,27,25,29,24,32,27,27,19,27,29,24,18,19,25,27,26,24,28,34,36,28,28,23,22,41,20,28,30,28,20,24,15,19,12,18,17,15,28,15,17,23,21,22,22,24,19,12,12,10,7,13,7,13,3,6,9,15,8,4,5,3,2,4,2,1,3,0,2,0,0,0,0,0,1,0
2020/3/31,本庄東１丁目,,男,0,958,0,9,4,4,10,3,5,8,5,3,3,3,3,4,2,6,3,6,5,6,8,6,6,5,6,11,8,15,10,13,16,15,16,19,16,22,23,19,13,14,23,29,25,19,11,18,13,18,17,23,22,19,23,19,17,24,17,7,7,9,11,12,12,5,6,15,7,12,8,14,12,15,14,12,7,5,6,6,10,11,6,4,8,4,2,4,4,2,0,3,1,1,2,0,1,2,1,0,0,0,0,0,0
2020/3/31,本庄東１丁目,,女,0,1087,0,11,5,5,4,6,7,8,5,7,9,5,9,8,7,4,6,5,10,6,8,9,7,7,9,12,12,9,14,17,19,16,19,23,22,15,22,21,22,20,21,21,15,15,19,23,19,18,26,21,28,13,21,17,26,15,14,13,10,8,13,6,10,9,13,11,5,5,12,12,12,8,11,15,15,9,9,7,13,10,9,6,4,8,3,4,4,8,7,7,5,3,5,5,3,3,0,2,2,1,0,0,0
2020/3/31,本庄東１丁目,,計,1306,2045,0,20,9,9,14,9,12,16,10,10,12,8,12,12,9,10,9,11,15,12,16,15,13,12,15,23,20,24,24,30,35,31,35,42,38,37,45,40,35,34,44,50,40,34,30,41,32,36,43,44,50,32,44,36,43,39,31,20,17,17,24,18,22,14,19,26,12,17,20,26,24,23,25,27,22,14,15,13,23,21,15,10,12,12,5,8,8,10,7,10,6,4,7,5,4,5,1,2,2,1,0,0,0
2020/3/31,本庄東２丁目,,男,0,1524,0,14,11,7,12,5,5,10,7,10,11,7,8,6,8,7,9,6,11,4,19,18,12,15,19,27,19,27,26,29,32,27,41,24,30,31,34,26,25,30,31,26,25,26,30,25,24,23,22,28,31,23,18,28,17,14,24,16,15,14,14,21,19,7,12,19,10,14,8,11,18,23,25,20,13,14,14,19,13,11,14,5,10,5,10,8,5,8,6,8,5,3,1,1,0,0,0,1,0,0,0,0,0
2020/3/31,本庄東２丁目,,女,0,1581,0,11,11,4,4,17,3,3,5,8,9,8,12,6,5,4,10,11,10,11,7,21,10,22,17,24,26,26,25,30,28,32,33,37,22,27,21,31,30,26,30,23,18,20,22,30,29,30,20,32,22,19,21,19,18,14,17,17,8,21,17,11,11,14,12,19,16,19,11,15,23,25,21,19,17,9,15,16,19,11,21,16,15,20,22,10,7,15,13,4,5,10,2,5,6,4,4,1,0,4,0,0,0
2020/3/31,本庄東２丁目,,計,2026,3105,0,25,22,11,16,22,8,13,12,18,20,15,20,12,13,11,19,17,21,15,26,39,22,37,36,51,45,53,51,59,60,59,74,61,52,58,55,57,55,56,61,49,43,46,52,55,53,53,42,60,53,42,39,47,35,28,41,33,23,35,31,32,30,21,24,38,26,33,19,26,41,48,46,39,30,23,29,35,32,22,35,21,25,25,32,18,12,23,19,12,10,13,3,6,6,4,4,2,0,4,0,0,0
2020/3/31,本庄東３丁目,,男,0,1065,0,5,4,4,3,7,7,4,5,5,1,5,6,11,4,6,10,7,10,11,12,12,11,22,16,24,27,13,23,20,13,15,13,12,18,15,17,18,20,13,15,14,9,11,9,20,13,16,20,18,23,24,26,20,3,22,13,10,7,12,18,14,12,14,17,18,7,14,8,12,13,14,15,17,11,11,9,9,11,8,8,8,4,1,6,3,7,5,0,4,6,1,3,0,1,1,1,0,0,0,0,0,0
2020/3/31,本庄東３丁目,,女,0,1153,0,4,11,8,9,10,7,2,3,4,5,4,3,2,7,9,5,14,6,12,8,11,11,11,18,11,13,14,11,16,15,25,18,12,9,18,17,17,16,13,18,19,19,12,12,11,21,20,26,23,22,20,20,14,17,12,17,22,22,11,7,14,14,6,8,9,10,18,13,15,19,21,18,19,14,10,9,19,12,18,12,9,7,12,10,8,12,5,10,4,4,2,1,3,7,2,1,1,0,2,1,0,0
2020/3/31,本庄東３丁目,,計,1405,2218,0,9,15,12,12,17,14,6,8,9,6,9,9,13,11,15,15,21,16,23,20,23,22,33,34,35,40,27,34,36,28,40,31,24,27,33,34,35,36,26,33,33,28,23,21,31,34,36,46,41,45,44,46,34,20,34,30,32,29,23,25,28,26,20,25,27,17,32,21,27,32,35,33,36,25,21,18,28,23,26,20,17,11,13,16,11,19,10,10,8,10,3,4,3,8,3,2,1,0,2,1,0,0
2020/3/31,松ケ枝町,,男,0,428,0,6,4,1,4,5,3,7,1,3,2,3,1,1,2,1,1,3,1,3,5,3,2,5,9,6,10,12,10,10,12,8,12,10,11,9,8,10,14,11,8,9,6,7,5,10,16,6,6,5,10,6,10,4,2,3,4,5,9,7,2,4,6,1,2,4,1,2,5,4,1,5,2,2,2,1,3,1,1,1,0,1,1,1,1,1,2,1,1,1,1,0,0,0,0,0,0,0,0,0,0,0,0
2020/3/31,松ケ枝町,,女,0,440,0,4,3,3,6,1,3,4,1,5,1,3,2,0,1,3,1,0,1,0,1,3,2,9,12,3,17,11,13,7,8,17,11,7,10,9,12,13,17,10,8,9,9,10,7,9,5,5,9,4,11,13,8,6,5,5,7,8,3,4,0,2,6,1,0,1,1,4,3,2,5,4,5,2,0,2,4,0,1,1,0,2,2,1,0,3,2,2,2,1,0,1,0,0,0,0,0,0,0,0,1,0,0
2020/3/31,松ケ枝町,,計,601,868,0,10,7,4,10,6,6,11,2,8,3,6,3,1,3,4,2,3,2,3,6,6,4,14,21,9,27,23,23,17,20,25,23,17,21,18,20,23,31,21,16,18,15,17,12,19,21,11,15,9,21,19,18,10,7,8,11,13,12,11,2,6,12,2,2,5,2,6,8,6,6,9,7,4,2,3,7,1,2,2,0,3,3,2,1,4,4,3,3,2,1,1,0,0,0,0,0,0,0,0,1,0,0
2020/3/31,万歳町,,男,0,502,0,7,5,4,4,4,8,4,7,3,4,4,8,5,2,1,1,5,2,3,0,3,5,3,2,5,3,8,6,8,4,8,4,9,10,14,8,19,14,6,6,6,11,8,15,11,18,17,10,7,5,9,7,18,4,8,9,5,5,3,8,7,7,7,6,5,3,2,7,3,5,5,3,2,4,2,3,1,2,1,0,3,2,4,1,1,3,1,0,0,2,0,0,0,0,0,0,0,0,0,0,0,0
2020/3/31,万歳町,,女,0,494,0,4,11,6,9,6,5,2,8,4,2,2,3,0,1,0,3,5,1,5,4,3,1,2,5,3,4,5,6,9,6,7,6,15,8,11,10,9,11,12,8,6,10,9,1,8,8,9,15,13,15,5,10,5,8,7,12,3,7,8,8,5,10,7,5,2,7,1,2,2,1,2,6,4,1,6,3,1,1,6,2,3,6,3,1,2,4,2,3,1,2,0,2,0,1,0,0,0,0,0,0,1,0
2020/3/31,万歳町,,計,565,996,0,11,16,10,13,10,13,6,15,7,6,6,11,5,3,1,4,10,3,8,4,6,6,5,7,8,7,13,12,17,10,15,10,24,18,25,18,28,25,18,14,12,21,17,16,19,26,26,25,20,20,14,17,23,12,15,21,8,12,11,16,12,17,14,11,7,10,3,9,5,6,7,9,6,5,8,6,2,3,7,2,6,8,7,2,3,7,3,3,1,4,0,2,0,1,0,0,0,0,0,0,1,0
2020/3/31,南扇町,,男,0,206,0,1,1,1,0,0,2,1,1,1,2,1,0,1,0,0,1,1,2,0,2,0,0,2,17,7,9,12,5,7,4,3,7,9,2,3,4,6,4,1,2,4,3,2,2,3,3,1,3,3,0,1,3,0,2,6,1,0,3,4,1,1,3,1,2,0,1,1,4,2,4,5,1,2,2,3,0,1,1,0,1,0,1,0,1,1,0,0,0,1,0,0,0,0,0,0,0,0,0,0,0,0,0
2020/3/31,南扇町,,女,0,192,0,0,2,0,1,1,1,0,0,2,0,0,0,0,1,0,1,0,1,0,1,1,0,4,7,13,4,9,5,6,8,5,2,6,4,3,1,5,5,5,2,6,3,1,3,2,2,4,6,3,3,0,1,2,1,2,1,2,2,3,1,2,2,5,0,1,0,1,1,1,0,2,1,1,1,1,1,1,0,1,2,1,2,0,0,5,2,1,0,2,0,0,0,0,1,0,0,0,0,0,0,0,0
2020/3/31,南扇町,,計,305,398,0,1,3,1,1,1,3,1,1,3,2,1,0,1,1,0,2,1,3,0,3,1,0,6,24,20,13,21,10,13,12,8,9,15,6,6,5,11,9,6,4,10,6,3,5,5,5,5,9,6,3,1,4,2,3,8,2,2,5,7,2,3,5,6,2,1,1,2,5,3,4,7,2,3,3,4,1,2,1,1,3,1,3,0,1,6,2,1,0,3,0,0,0,0,1,0,0,0,0,0,0,0,0
2020/3/31,南森町１丁目,,男,0,176,0,0,0,1,0,1,0,4,0,2,0,0,1,0,1,0,0,1,1,0,2,3,2,2,1,1,2,3,2,5,1,3,4,8,3,5,6,1,4,2,3,3,9,2,4,3,6,2,3,5,5,2,3,1,0,2,2,1,2,0,3,2,3,1,2,1,2,2,2,1,1,3,4,3,1,1,1,2,0,3,0,1,2,2,0,1,0,1,0,1,0,0,0,0,0,0,0,0,0,0,0,0,0
2020/3/31,南森町１丁目,,女,0,134,0,3,0,1,2,0,0,1,0,0,0,1,3,0,1,0,0,0,0,0,1,0,1,1,3,2,1,1,0,3,1,1,0,4,1,1,3,4,3,6,2,1,5,4,2,4,5,0,3,3,6,1,2,1,1,3,1,4,1,1,1,1,0,1,2,0,1,1,4,2,2,2,0,6,0,1,1,1,0,1,1,2,0,0,0,0,0,2,1,0,0,0,0,0,0,0,0,0,1,1,0,0,0
2020/3/31,南森町１丁目,,計,233,310,0,3,0,2,2,1,0,5,0,2,0,1,4,0,2,0,0,1,1,0,3,3,3,3,4,3,3,4,2,8,2,4,4,12,4,6,9,5,7,8,5,4,14,6,6,7,11,2,6,8,11,3,5,2,1,5,3,5,3,1,4,3,3,2,4,1,3,3,6,3,3,5,4,9,1,2,2,3,0,4,1,3,2,2,0,1,0,3,1,1,0,0,0,0,0,0,0,0,1,1,0,0,0
2020/3/31,南森町２丁目,,男,0,462,0,5,11,5,7,8,4,4,7,0,2,3,2,1,2,2,0,1,3,2,3,1,2,4,3,9,8,6,14,10,5,9,9,8,11,13,9,14,10,17,6,18,14,14,7,5,13,12,10,12,7,8,10,8,6,4,2,6,2,5,4,0,2,1,4,0,3,2,3,1,3,2,4,4,0,2,4,1,1,2,2,1,1,1,0,0,0,2,4,1,2,1,0,1,0,0,0,0,0,0,0,0,0
2020/3/31,南森町２丁目,,女,0,553,0,7,6,11,10,5,7,6,2,3,4,5,2,2,3,1,2,3,6,0,1,2,4,4,7,8,6,6,8,9,8,8,10,13,16,15,14,16,14,19,6,27,11,18,18,11,7,21,10,18,9,4,7,5,11,4,5,5,2,3,4,1,5,4,1,3,3,3,2,9,1,1,2,3,3,0,3,6,0,1,4,3,2,2,3,1,0,1,3,1,0,0,0,1,1,1,0,0,0,0,0,0,0
2020/3/31,南森町２丁目,,計,627,1015,0,12,17,16,17,13,11,10,9,3,6,8,4,3,5,3,2,4,9,2,4,3,6,8,10,17,14,12,22,19,13,17,19,21,27,28,23,30,24,36,12,45,25,32,25,16,20,33,20,30,16,12,17,13,17,8,7,11,4,8,8,1,7,5,5,3,6,5,5,10,4,3,6,7,3,2,7,7,1,3,6,4,3,3,3,1,0,3,7,2,2,1,0,2,1,1,0,0,0,0,0,0,0
2020/3/31,山崎町,,男,0,336,0,2,0,1,2,3,2,2,6,4,2,3,3,2,3,3,1,4,1,4,2,2,1,3,2,1,6,6,3,7,3,4,8,3,7,6,9,9,7,8,6,5,6,2,3,7,9,7,11,8,5,6,5,8,6,7,2,2,10,6,4,4,3,0,4,3,5,1,3,5,6,4,2,4,2,1,2,5,4,0,1,1,1,0,0,1,1,0,0,0,0,0,1,1,1,0,0,0,0,0,0,0,0
2020/3/31,山崎町,,女,0,285,0,0,2,3,0,2,0,1,5,0,5,4,0,2,3,0,2,1,2,2,1,6,3,3,6,5,7,5,4,2,3,3,7,4,3,3,0,4,4,9,5,4,2,8,8,3,7,6,2,8,7,4,6,3,4,2,2,4,4,7,6,2,4,2,0,6,0,1,0,5,6,4,0,5,2,2,2,2,1,1,2,0,2,1,0,3,1,4,2,0,2,0,2,2,0,0,0,0,1,0,0,0,0
2020/3/31,山崎町,,計,403,621,0,2,2,4,2,5,2,3,11,4,7,7,3,4,6,3,3,5,3,6,3,8,4,6,8,6,13,11,7,9,6,7,15,7,10,9,9,13,11,17,11,9,8,10,11,10,16,13,13,16,12,10,11,11,10,9,4,6,14,13,10,6,7,2,4,9,5,2,3,10,12,8,2,9,4,3,4,7,5,1,3,1,3,1,0,4,2,4,2,0,2,0,3,3,1,0,0,0,1,0,0,0,0
2020/3/31,与力町,,男,0,711,0,5,6,4,9,9,4,9,11,10,9,6,10,9,10,6,9,9,5,7,7,6,6,6,9,1,4,5,3,4,1,4,2,3,3,8,7,14,7,12,13,13,17,11,8,10,15,17,14,9,16,20,15,8,13,12,11,9,16,8,12,8,10,5,8,13,6,1,2,7,9,17,14,8,6,3,9,6,6,6,6,8,3,5,4,2,3,3,1,2,2,0,0,0,0,0,0,1,0,0,0,1,0
2020/3/31,与力町,,女,0,863,0,3,9,2,4,8,9,10,2,14,6,14,6,8,5,7,9,8,6,9,6,5,5,5,4,9,8,7,5,5,7,4,4,8,5,7,9,8,11,6,18,16,14,12,17,14,16,20,20,17,15,14,18,13,15,14,19,14,15,13,9,9,7,15,10,12,9,7,2,15,16,14,18,18,11,8,8,8,10,10,4,10,5,2,8,4,5,5,5,3,2,3,3,2,0,1,1,1,0,0,1,1,0
2020/3/31,与力町,,計,787,1574,0,8,15,6,13,17,13,19,13,24,15,20,16,17,15,13,18,17,11,16,13,11,11,11,13,10,12,12,8,9,8,8,6,11,8,15,16,22,18,18,31,29,31,23,25,24,31,37,34,26,31,34,33,21,28,26,30,23,31,21,21,17,17,20,18,25,15,8,4,22,25,31,32,26,17,11,17,14,16,16,10,18,8,7,12,6,8,8,6,5,4,3,3,2,0,1,1,2,0,0,1,2,0
2020/3/31,総数,,男,0,63573,0,647,613,574,551,497,478,474,407,419,420,336,353,363,346,295,321,312,359,316,472,453,485,705,869,933,1128,1160,1217,1206,1181,1215,1233,1218,1263,1264,1318,1309,1276,1230,1153,1178,1249,1198,1126,1186,1225,1208,1127,1150,1103,1062,1033,982,750,876,885,703,721,717,693,641,652,530,568,549,505,530,567,560,623,732,697,680,443,336,406,466,397,412,348,288,281,280,240,236,201,164,142,145,116,64,78,47,34,29,14,17,6,5,1,2,0
2020/3/31,総数,,女,0,67669,0,590,584,533,501,520,495,438,390,413,372,355,347,341,329,291,305,321,316,398,443,534,608,753,951,992,1112,1126,1212,1234,1256,1241,1329,1262,1277,1237,1226,1324,1269,1170,1182,1138,1171,1139,1082,1162,1159,1163,1160,1137,1113,1057,1042,927,842,860,881,801,735,694,647,618,609,611,599,561,567,578,607,639,707,768,791,905,629,457,521,528,526,542,533,459,429,481,437,447,379,348,317,271,238,209,187,155,152,107,70,56,38,44,25,37,0
2020/3/31,総数,,計,81224,131242,0,1237,1197,1107,1052,1017,973,912,797,832,792,691,700,704,675,586,626,633,675,714,915,987,1093,1458,1820,1925,2240,2286,2429,2440,2437,2456,2562,2480,2540,2501,2544,2633,2545,2400,2335,2316,2420,2337,2208,2348,2384,2371,2287,2287,2216,2119,2075,1909,1592,1736,1766,1504,1456,1411,1340,1259,1261,1141,1167,1110,1072,1108,1174,1199,1330,1500,1488,1585,1072,793,927,994,923,954,881,747,710,761,677,683,580,512,459,416,354,273,265,202,186,136,84,73,44,49,26,39,0
